power_carry,reserve_decay,ucl_trophy_base,distance_from_reference,matches,brier,log_loss,carried_clubs,trophy_bonus_total,mean_reserve,max_reserve,mean_rating_change,rating_change_std,max_abs_rating_change,start_end_rank_correlation
0.85,0.0,0.0,1.85,6340,0.16128498302760905,0.615928988354748,1146,0.0,0.0,0.0,-6.749006861244476,34.39522185450079,136.43566775842885,0.9080053134429192
0.85,0.25,20.0,1.1,6340,0.16129301218899073,0.6159451869899862,1146,309.0,0.2074039088146244,25.0,-6.54377834494013,34.80140646043376,136.39063836806395,0.9079724467856864
0.85,0.25,30.0,0.85,6340,0.16129777130616127,0.6159552826474282,1146,463.5,0.31110586322193656,37.5,-6.441145500490355,35.03206793857179,143.44447345999902,0.9080080523310219
0.85,0.25,40.0,0.6,6340,0.16130301928929677,0.61596670508917,1146,618.0,0.4148078176292488,50.0,-6.338500200296964,35.28064429181423,153.5172470586433,0.9079806634499948
0.85,0.5,20.0,0.85,6340,0.16130800168644763,0.6159846070510514,1146,309.0,0.2756501804417252,30.0,-6.477260740798318,34.840881644319026,136.3143743496364,0.9080619171303755
0.85,0.25,50.0,0.85,6340,0.16130875040272258,0.615979451170075,1146,772.5,0.5185097720365609,62.5,-6.235842399581651,35.54676427702189,163.59282251942022,0.9080345282493483
0.85,0.25,60.0,1.1,6340,0.16131495882094443,0.6159935176930679,1146,927.0,0.6222117264438731,75.0,-6.133172056694412,35.83004139536868,173.67117874726682,0.9079286245760428
0.85,0.5,30.0,0.6,6340,0.16132234204088314,0.6160203170521429,1146,463.5,0.41347527066258777,45.0,-6.3413120628685355,35.09465307234999,145.84561246798899,0.9081258245194391
0.9,0.0,0.0,1.9,6340,0.16132245982562815,0.6159960854577831,1146,0.0,0.0,0.0,-7.580690752553757,35.159681935157025,141.21828099036156,0.9025047131699434
0.9,0.25,20.0,1.15,6340,0.1613312050730505,0.6160143953605172,1146,309.0,0.2074039088146244,25.0,-7.375770079229072,35.56057798482692,141.17238415805173,0.9024106780117498
0.85,0.75,20.0,1.1,6340,0.16133337628193056,0.6160609411663808,1146,309.0,0.39076112057428947,35.0,-6.362656606260915,34.90380053956392,138.405306543322,0.9084563170171681
0.75,0.0,0.0,1.75,6340,0.16133415667657036,0.6160940407343389,1146,0.0,0.0,0.0,-5.323353182811513,33.125865032624745,128.1078136171359,0.9165944665330698
0.9,0.25,30.0,0.9,6340,0.16133632002494608,0.6160255741692204,1146,463.5,0.31110586322193656,37.5,-7.273288057071362,35.78809098068261,146.05569290640096,0.9023549872869944
0.85,0.5,40.0,0.35,6340,0.161338508902053,0.61606127285215,1146,618.0,0.5513003608834504,60.0,-6.20531267498108,35.36853048425061,156.73697378236898,0.9082134689387265
0.75,0.25,20.0,1.0,6340,0.1613403490830562,0.6161051730386303,1146,309.0,0.2074039088146244,25.0,-5.117609212880128,33.54076467433838,128.32522538486637,0.916611812824387
0.9,0.25,40.0,0.65,6340,0.16134192224507832,0.6160380977350829,1146,618.0,0.4148078176292488,50.0,-7.170791504221846,36.03320631446318,156.10060983963263,0.902349509510789
0.75,0.25,30.0,0.75,6340,0.16134419871902003,0.6161126983082226,1146,463.5,0.31110586322193656,37.5,-5.014723718555445,33.776687995127936,138.44855292814168,0.9166063350481816
0.9,0.5,20.0,0.9,6340,0.16134731084357876,0.6160576267204395,1146,309.0,0.2756501804417252,30.0,-7.309504761542089,35.600360811666725,141.094317459698,0.9023750724664144
0.9,0.25,50.0,0.9,6340,0.16134800590551499,0.6160519626251613,1146,772.5,0.5185097720365609,62.5,-7.068280369949519,36.295571246871276,166.1485476779401,0.9022901669352299
0.75,0.25,40.0,0.5,6340,0.16134854340303872,0.6161215261389186,1146,618.0,0.4148078176292488,50.0,-4.911829167489035,34.03108480238812,148.57428787415688,0.9165552091369306
0.75,0.5,20.0,0.75,6340,0.16135257403827796,0.6161361357747406,1146,309.0,0.2756501804417252,30.0,-5.0506783913214415,33.579176934013375,129.99129598237164,0.9167378016771124
0.75,0.25,50.0,0.75,6340,0.16135337758313198,0.6161316538449914,1146,772.5,0.5185097720365609,62.5,-4.808925524617329,34.3035491966506,158.70241572661848,0.9165552091369306
0.9,0.25,60.0,1.15,6340,0.1613545650901413,0.6160671653478271,1146,927.0,0.6222117264438731,75.0,-6.965754607183632,36.57481820371751,176.19948194645463,0.9022490836136889
0.85,0.5,50.0,0.6,6340,0.1613564552544552,0.6161074579392547,1146,772.5,0.689125451104313,75.0,-6.069262414583914,35.66209505306553,167.64037440147263,0.9082910707683037
0.75,0.25,60.0,1.0,6340,0.16135869561346589,0.6161430787009476,1146,927.0,0.6222117264438731,75.0,-4.706012757144192,34.5936593041919,168.83292113684251,0.916541514696417
0.9,0.5,30.0,0.65,6340,0.16136253053911145,0.616096328857864,1146,463.5,0.41347527066258777,45.0,-7.173823774001075,35.85108518491636,148.3994648120431,0.9024608909602997
0.85,0.75,30.0,0.85,6340,0.16136461201401847,0.6161479298821791,1146,463.5,0.5861416808614343,52.5,-6.169300878434836,35.196836007608816,151.04259695395945,0.9084234503599355
0.75,0.5,30.0,0.5,6340,0.16136471596555008,0.6161651116801503,1146,463.5,0.41347527066258777,45.0,-4.914285625374947,33.83779190425055,140.95993978539354,0.9167295850128042
0.75,0.75,20.0,1.0,6340,0.1613731961988038,0.616197037934145,1146,309.0,0.39076112057428947,35.0,-4.935928835205635,33.64001134347674,133.44306651721286,0.9167387146398133
0.9,0.75,20.0,1.15,6340,0.16137475734507067,0.6161415067154421,1146,309.0,0.39076112057428947,35.0,-7.195005106332044,35.66413422256876,141.00065089354598,0.9024828020651215
0.85,1.0,20.0,1.35,6340,0.1613757550826388,0.6162067123547209,1146,309.0,0.5988171976007182,40.0,-6.153189342120018,35.023086185318164,144.38501382540835,0.9085795669817909
0.85,0.5,60.0,0.85,6340,0.16137613309071985,0.6161588553317616,1146,917.0,0.821653931155684,80.0,-5.938457778511486,35.954661863580604,178.55586134444843,0.90829746150721
0.75,0.5,40.0,0.25,6340,0.1613787536851855,0.6161993550758195,1146,618.0,0.5513003608834504,60.0,-4.777855718638342,34.11713758833155,151.93930094230814,0.9166839368777588
0.9,0.5,40.0,0.4,6340,0.1613795514544068,0.6161402950914038,1146,618.0,0.5513003608834504,60.0,-7.03808378105968,36.12157292736126,159.24475959865504,0.9023796372799189
0.75,0.5,50.0,0.5,6340,0.1613946408711265,0.6162388520118853,1146,772.5,0.689125451104313,75.0,-4.641388547037916,34.41675324643987,162.92944565168887,0.9166757202134507
0.9,0.5,50.0,0.65,6340,0.1613983261087663,0.6161895071153332,1146,772.5,0.689125451104313,75.0,-6.902284594675953,36.411427484105396,170.10276351150037,0.9023148169281544
0.85,0.75,40.0,0.6,6340,0.1614003058286744,0.6162489206986494,1146,618.0,0.7815222411485789,70.0,-5.975825047604063,35.51512244089378,163.71850286113568,0.9086179114152291
0.75,0.75,30.0,0.75,6340,0.16140031537539884,0.616270328170501,1146,463.5,0.5861416808614343,52.5,-4.742083867971266,33.93723141192382,146.17402035475493,0.9167989701780732
0.75,1.0,20.0,1.25,6340,0.16140678342689813,0.6163132530661238,1146,309.0,0.5988171976007182,40.0,-4.726761132140672,33.75582955504149,139.32186123500833,0.9169240460680977
0.9,0.75,30.0,0.9,6340,0.16140771567457593,0.6162349788450862,1146,463.5,0.5861416808614343,52.5,-7.001952331692338,35.954367145994155,153.58956835510003,0.9026078779551461
0.75,0.5,60.0,0.75,6340,0.16141233006824368,0.6162835881858595,1146,917.0,0.821653931155684,80.0,-4.510180634070855,34.715596036408485,173.93043097979194,0.9166455924443206
0.9,0.5,60.0,0.9,6340,0.16141880609726844,0.6162439460880766,1146,917.0,0.821653931155684,80.0,-6.771722693396287,36.70020405467366,180.97351790356947,0.9023066002638462
0.9,1.0,20.0,1.4,6340,0.16142130117625192,0.616302779064663,1146,309.0,0.5988171976007182,40.0,-6.985392773225134,35.78511346541674,147.03686535606357,0.9028872445416242
0.75,0.75,40.0,0.5,6340,0.16143226166194474,0.616358141544752,1146,618.0,0.7815222411485789,70.0,-4.548150766511059,34.26056036686626,158.940979662646,0.9167779720359525
0.85,1.0,30.0,1.1,6340,0.16143896681177106,0.616403404473841,1146,463.5,0.8982257964010771,60.0,-5.8549508859892905,35.397000575464645,160.12773615927404,0.9088452391277555
0.85,0.75,50.0,0.85,6340,0.16144027398315516,0.6163639078959647,1146,765.0,0.9729303438086051,80.0,-5.786202180367974,35.84337258468675,176.43383649307066,0.9087192502750301
0.9,0.75,40.0,0.65,6340,0.16144497954845344,0.616342282440058,1146,618.0,0.7815222411485789,70.0,-6.808759803354987,36.26939810723404,166.21846958711944,0.9026434835004815
0.75,1.0,30.0,1.0,6340,0.16146346254674232,0.6164854673955882,1146,463.5,0.8982257964010771,60.0,-4.428222760837729,34.133682889801165,155.1032445929293,0.9168683553433424
0.75,0.75,50.0,0.75,6340,0.16146884674475237,0.6164604738823986,1146,765.0,0.9729303438086051,80.0,-4.358102598583409,34.59441923679209,171.74473428029182,0.9169121775529859
0.85,0.75,60.0,1.1,6340,0.1614720159285443,0.6164494301017258,1146,886.3125,1.139765040215515,80.0,-5.621276362080696,36.12245536645237,175.3904094053139,0.9088105465451208
0.9,0.75,50.0,0.9,6340,0.16148636623722493,0.6164634089326465,1146,765.0,0.9729303438086051,80.0,-6.619400566593201,36.59413194201515,178.88818446346886,0.9027073908895452
0.9,1.0,30.0,1.15,6340,0.161487424042929,0.6165119430972548,1146,463.5,0.8982257964010771,60.0,-6.6873599904149685,36.15635140578189,162.76171250228708,0.9029383704528752
0.75,0.75,60.0,1.0,6340,0.16149802760660134,0.6165380495197618,1146,886.3125,1.139765040215515,80.0,-4.192696838774214,34.87960351845943,170.79511357402134,0.9169943441960678
0.85,1.0,40.0,0.85,6340,0.16151319534925956,0.6166389795673175,1146,618.0,1.1976343952014363,80.0,-5.5565023883121825,35.810417951721334,175.9906883967235,0.9090524816608616
0.9,0.75,60.0,1.15,6340,0.16151916093714028,0.6165526011186826,1146,886.3125,1.139765040215515,80.0,-6.454769773159347,36.86957474384713,177.79616295910978,0.9027448223602824
0.75,1.0,40.0,0.75,6340,0.16153275871011316,0.616699702645364,1146,618.0,1.1976343952014363,80.0,-4.129532386665129,34.55283941739067,170.99934169123594,0.9171997608037724
0.9,1.0,40.0,0.9,6340,0.16156384731879753,0.6167586610536205,1146,618.0,1.1976343952014363,80.0,-6.389080986928599,36.566186990951365,178.60960094239977,0.9030744018953104
0.85,1.0,50.0,1.1,6340,0.1615669230853809,0.6168074580015444,1146,730.0,1.4506012397826593,80.0,-5.304937016788331,36.13289492924079,171.86341202888593,0.9093017204782097
1.0,0.0,0.0,2.0,6340,0.1615818402690235,0.6165905670650408,1146,0.0,0.0,0.0,-9.536484723763277,37.03530752982478,152.34041458156753,0.8885035171888052
0.75,1.0,50.0,1.0,6340,0.1615838303492954,0.6168581212990641,1146,730.0,1.4506012397826593,80.0,-3.8775903763491133,34.882764173152864,166.917617900908,0.9173284885446004
1.0,0.25,20.0,1.25,6340,0.16159153652342245,0.6166119373458633,1146,309.0,0.2074039088146244,25.0,-9.33230197912988,37.42337092063195,152.29352555719856,0.8884222635084243
1.0,0.25,30.0,1.0,6340,0.16159712765316223,0.6166247249583509,1146,463.5,0.31110586322193656,37.5,-9.230181371042137,37.64334052785551,152.2702071891166,0.8884021783290041
1.0,0.25,40.0,0.75,6340,0.1616032062524026,0.6166389087810572,1146,618.0,0.4148078176292488,50.0,-9.128041176636504,37.88021078557422,161.5325933860138,0.8883154468724179
1.0,0.5,20.0,1.0,6340,0.16160918592638518,0.6166615021514736,1146,309.0,0.2756501804417252,30.0,-9.266655290493398,37.46316113960441,152.21251542459663,0.8883400968653424
1.0,0.25,50.0,1.0,6340,0.16160976630927634,0.6166544846442968,1146,772.5,0.5185097720365609,62.5,-9.025881330231167,38.133667996917424,171.52143113119382,0.8880452099129491
0.85,1.0,60.0,1.35,6340,0.16161242590235428,0.6169603006007882,1146,828.0,1.6812894222606973,80.0,-5.080900646504556,36.42823366086642,167.20798194292115,0.909440490808748
1.0,0.25,60.0,1.25,6340,0.16161680172585216,0.616671448304879,1146,927.0,0.6222117264438731,75.0,-8.923701771120301,38.40338461452098,181.5137202195167,0.8879219599483262
0.9,1.0,50.0,1.15,6340,0.1616187216131851,0.6169323440320833,1146,730.0,1.4506012397826593,80.0,-6.137760294725503,36.88440952377712,174.46043367240418,0.9033884610644232
1.0,0.5,30.0,0.75,6340,0.16162561142138301,0.61670507918747,1146,463.5,0.41347527066258777,45.0,-9.131622362297934,37.706251806499566,153.76959594407913,0.8883200116859226
0.75,1.0,60.0,1.25,6340,0.16162804988346666,0.6170058043835126,1146,828.0,1.6812894222606973,80.0,-3.6520994553878205,35.18600806838741,162.44623665735503,0.9173184459548904
1.0,0.75,20.0,1.25,6340,0.16163987639020166,0.6167596079748616,1146,309.0,0.39076112057428947,35.0,-9.152450537927237,37.52811200488775,152.00168092604213,0.8884870838601888
1.0,0.5,40.0,0.5,6340,0.16164380869042388,0.6167540325580615,1146,618.0,0.5513003608834504,60.0,-8.996510161876884,37.968351358171454,164.51676044235796,0.8883574431566598
1.0,0.5,50.0,0.75,6340,0.16166372908142773,0.6168083389475281,1146,772.5,0.689125451104313,75.0,-8.861318432760035,38.249109972455535,175.27803791723477,0.8882488005952517
0.9,1.0,60.0,1.4,6340,0.16166473073415882,0.6170879037711998,1146,828.0,1.6812894222606973,80.0,-5.914565007106907,37.17527724696883,169.7314278434094,0.9035107980663449
1.0,0.75,30.0,1.0,6340,0.1616753602704972,0.6168647467146832,1146,463.5,0.5861416808614343,52.5,-8.960151312768101,37.81095943011917,158.94870350554743,0.8884743023823761
1.0,0.5,60.0,1.0,6340,0.16168532314651698,0.6168679743632516,1146,917.0,0.821653931155684,80.0,-8.731343602753803,38.52873320820341,186.05345920446575,0.8882798413270826
1.0,1.0,20.0,1.5,6340,0.16169379783090412,0.6169530310596882,1146,309.0,0.5988171976007182,40.0,-8.94257740731683,37.652329029761276,152.62440270451611,0.8889526948376524
1.0,0.75,40.0,0.75,6340,0.16171491788293949,0.6169836071762459,1146,618.0,0.7815222411485789,70.0,-8.767663964005948,38.117646636422364,171.4785137339661,0.888446000538648
1.0,0.75,50.0,1.0,6340,0.16175836595989707,0.6171161694696392,1146,765.0,0.9729303438086051,80.0,-8.578961445571164,38.43358984317311,184.05200571137289,0.8886322449296333
1.0,1.0,30.0,1.25,6340,0.1617645708432747,0.617187022753035,1146,463.5,0.8982257964010771,60.0,-8.645105314375952,38.016424853982755,168.3149767858729,0.8895935946536904
1.0,0.75,60.0,1.25,6340,0.16179263896992563,0.6172116265997988,1146,886.3125,1.139765040215515,80.0,-8.415057601402697,38.70033880373566,182.8571082247306,0.8887701022974704
1.0,1.0,40.0,1.0,6340,0.16184440765571387,0.6174565310964886,1146,618.0,1.1976343952014363,80.0,-8.347296553945409,38.417306518271175,184.13425223912122,0.8897862297835822
0.5,0.25,20.0,0.75,6340,0.16186854424768415,0.6174665201586401,1146,309.0,0.2074039088146244,25.0,-2.5644305404281598,31.41105014621813,127.91296938412597,0.9290939359243625
0.5,0.0,0.0,1.5,6340,0.16186877294418162,0.6174711741597255,1146,0.0,0.0,0.0,-2.771037728040491,30.982480700684835,127.91296938412597,0.9290742678926408
0.5,0.25,30.0,0.5,6340,0.16186922685390243,0.6174661313298903,1146,463.5,0.31110586322193656,37.5,-2.4611213261414813,31.655571665895106,131.53165216778405,0.9290358684021365
0.5,0.25,40.0,0.25,6340,0.16187043416822186,0.6174670319792486,1146,618.0,0.4148078176292488,50.0,-2.357808338423184,31.919649970390836,137.39718141079197,0.929019010089232
0.5,0.5,20.0,0.5,6340,0.16187179740969151,0.617473997258904,1146,309.0,0.2756501804417252,30.0,-2.4968336758458696,31.44522456314721,127.91296938412597,0.9291454474360147
0.5,0.25,50.0,0.5,6340,0.1618721611061294,0.6174692201123366,1146,772.5,0.5185097720365609,62.5,-2.2544915586241947,32.2028071233501,147.64792393621474,0.9290677118820668
0.5,0.25,60.0,0.75,6340,0.16187440247551155,0.6174726937190831,1146,927.0,0.6222117264438731,75.0,-2.151170969048626,32.50454795391956,157.90021884655448,0.928945020827041
0.5,0.5,30.0,0.25,6340,0.16187663626412527,0.6174837771323649,1146,463.5,0.41347527066258777,45.0,-2.359707834531358,31.710636492072148,131.5800906022406,0.9291529400195278
0.5,0.75,20.0,0.75,6340,0.1618787573696269,0.6174971239884384,1146,309.0,0.39076112057428947,35.0,-2.3819287685823354,31.49971626288768,127.91296938412597,0.9292156904064494
0.5,0.5,40.0,0.0,6340,0.16188363440429196,0.6174991204872219,1146,618.0,0.5513003608834504,60.0,-2.222565993742946,31.998053662035208,141.1124473820389,0.9291061113725714
0.5,1.0,20.0,1.0,6340,0.16189033130210123,0.6175491304372126,1146,309.0,0.5988171976007182,40.0,-2.173425490868465,31.60709299068594,127.93013517709812,0.9292081978229365
0.5,0.5,50.0,0.25,6340,0.1618927459947327,0.6175200156816606,1146,772.5,0.689125451104313,75.0,-2.085408084046491,32.30692705466295,152.30843896730084,0.9291885297912147
0.5,0.75,30.0,0.5,6340,0.16189322559726232,0.6175349880847993,1146,463.5,0.5861416808614343,52.5,-2.18731582042263,31.801585036902793,135.20566449857347,0.9292344218652321
1.0,1.0,50.0,1.25,6340,0.1619009480766233,0.6176405566588542,1146,730.0,1.4506012397826593,80.0,-8.096609844563659,38.72577915076789,179.94132276316122,0.8899551278832503
0.5,0.5,60.0,0.5,6340,0.16190392370935988,0.6175464509282602,1146,917.0,0.821653931155684,80.0,-1.9535306643236736,32.61578158610229,163.51272064844784,0.9291004919349365
0.5,0.75,40.0,0.25,6340,0.1619137420443209,0.6175894211452987,1146,618.0,0.7815222411485789,70.0,-1.9926642590425465,32.13146845805523,148.1974983395137,0.9291932126559103
0.5,1.0,30.0,0.75,6340,0.1619291379937954,0.6176657011397176,1146,463.5,0.8982257964010771,60.0,-1.8745115049095629,31.989249976284277,143.83422878789088,0.9294254827448145
0.5,0.75,50.0,0.5,6340,0.16194009292001438,0.617660404877538,1146,765.0,0.9729303438086051,80.0,-1.8019469901120295,32.473413417357484,161.22058902215508,0.9294189267342405
1.0,1.0,60.0,1.5,6340,0.16194749080842996,0.6178014482381814,1146,828.0,1.6812894222606973,80.0,-7.875360328073089,39.006481609101876,175.60554991801405,0.8898574408742531
0.5,0.75,60.0,0.75,6340,0.1619612874308187,0.6177170715057339,1146,886.3125,1.139765040215515,80.0,-1.6357851735383764,32.76870535886902,160.50143908115638,0.9294104975777884
0.5,1.0,40.0,0.5,6340,0.16198529005802018,0.6178340435568542,1146,618.0,1.1976343952014363,80.0,-1.575532815055126,32.41710028603805,159.8403920234034,0.9296193533432142
0.5,1.0,50.0,0.75,6340,0.16202901381026483,0.6179711904355422,1146,730.0,1.4506012397826593,80.0,-1.3230657628139142,32.76095412808637,155.89441589021135,0.9296249727808491
0.5,1.0,60.0,1.0,6340,0.162069522591926,0.6181092079508832,1146,828.0,1.6812894222606973,80.0,-1.0949721560716181,33.07942595664973,157.24984553752938,0.9296184167702753
0.25,1.0,20.0,1.25,6340,0.16265244796262393,0.6194349111696174,1146,309.0,0.5988171976007182,40.0,-0.5289146690571598,30.347825219860894,127.91296938412597,0.9349578190962542
0.25,0.75,20.0,1.0,6340,0.16266034611415198,0.6194329131649895,1146,309.0,0.39076112057428947,35.0,-0.7370412264027036,30.247365020075787,127.91296938412597,0.9348257623118367
0.25,0.75,30.0,0.75,6340,0.16266081801755772,0.6194371897242126,1146,463.5,0.5861416808614343,52.5,-0.5419851022920064,30.54908505154866,131.83316881811004,0.9349166098869325
0.25,0.5,40.0,0.25,6340,0.16266205289004146,0.6194288506325306,1146,618.0,0.5513003608834504,60.0,-0.5769235515695063,30.75713756439275,138.30779906293014,0.9347723776543063
0.25,0.5,50.0,0.5,6340,0.16266309439440507,0.6194306729478698,1146,772.5,0.689125451104313,75.0,-0.43936269426315744,31.069879156764372,144.85103173277912,0.9348060942801152
0.25,0.5,30.0,0.5,6340,0.16266347814672366,0.6194330950122808,1146,463.5,0.41347527066258777,45.0,-0.7144788065424704,30.46674752939124,131.76390748928895,0.9347723776543063
0.25,0.25,60.0,1.0,6340,0.1626645867215026,0.6194303310230665,1146,927.0,0.6222117264438731,75.0,-0.5057925594112878,31.284825164370318,154.21494709128524,0.9345466635759762
0.25,0.25,50.0,0.75,6340,0.16266624409611877,0.6194357072531947,1146,772.5,0.5185097720365609,62.5,-0.6093488010638812,30.97679321429823,144.7396482817095,0.9346103505358371
0.25,0.5,60.0,0.75,6340,0.1626665545113157,0.6194385485575405,1146,917.0,0.821653931155684,80.0,-0.3070928157889516,31.383473416385264,154.91106459080288,0.9348266988847759
0.25,0.5,20.0,0.75,6340,0.162667416348585,0.6194434194370555,1146,309.0,0.2756501804417252,30.0,-0.8520284952880912,30.199323226250872,127.91296938412597,0.9347452170390715
0.25,0.25,40.0,0.5,6340,0.1626684603908566,0.6194423994022767,1146,618.0,0.4148078176292488,50.0,-0.7129037884563499,30.687987851397285,138.21771521673327,0.9346365745781327
0.25,0.75,40.0,0.5,6340,0.16266884012136892,0.6194607319374023,1146,618.0,0.7815222411485789,70.0,-0.3469151036343884,30.880445160480367,139.15393039350442,0.9348622886564628
0.25,0.25,30.0,0.75,6340,0.16267124026079302,0.6194504092096008,1146,463.5,0.31110586322193656,37.5,-0.816457529273755,30.418956525054227,131.69562781866136,0.9346880860897846
0.25,1.0,30.0,1.0,6340,0.16267397162339325,0.6195062094376476,1146,463.5,0.8982257964010771,60.0,-0.2297767972416485,30.730313473493325,134.34753372773935,0.934985916284428
0.25,0.25,20.0,1.0,6340,0.1626745882334233,0.6194597384158342,1146,309.0,0.2074039088146244,25.0,-0.920010031526511,30.17022863395819,127.91296938412597,0.9346871495168456
0.25,0.0,0.0,1.75,6340,0.16268300594407856,0.6194823620059619,1146,0.0,0.0,0.0,-1.1271113540042146,29.735684023344113,127.91296938412597,0.9347873628213326
0.25,0.75,50.0,0.75,6340,0.16268415720857357,0.6195034870405373,1146,765.0,0.9729303438086051,80.0,-0.1558038834716875,31.22543825352021,152.41221434610407,0.9349400242104107
0.25,0.75,60.0,1.0,6340,0.16269643143465168,0.6195404908440326,1146,886.3125,1.139765040215515,80.0,0.010771170297194807,31.526111179617395,155.62261490934975,0.9348248257388978
0.25,1.0,40.0,0.75,6340,0.16271814318067596,0.6196404948073679,1146,618.0,1.1976343952014363,80.0,0.06938387498786348,31.162662471843063,150.51161037508928,0.9349269121892629
0.25,1.0,50.0,1.0,6340,0.16275478222591197,0.6197630846280238,1146,730.0,1.4506012397826593,80.0,0.32212792135063184,31.5162316550959,146.7450995441136,0.9350833198700976
0.25,1.0,60.0,1.25,6340,0.16279171388782068,0.6198970184586651,1146,828.0,1.6812894222606973,80.0,0.5518288719964084,31.845907679588713,156.34888652388577,0.9351095439123932
0.0,1.0,20.0,1.5,6340,0.1635730414817025,0.6216829834358546,1146,309.0,0.5988171976007182,40.0,0.5988171976007177,29.63620004109999,127.91296938412597,0.937691675505574
0.0,1.0,30.0,1.25,6340,0.1635790637306694,0.6217196157726155,1146,463.5,0.8982257964010771,60.0,0.8982257964010764,30.017708865475697,134.0115545786474,0.9377918888100608
0.0,0.75,40.0,0.75,6340,0.16357934939151386,0.6216895410424161,1146,618.0,0.7815222411485789,70.0,0.7815222411485787,30.169712083139828,140.50681468257994,0.9376392274209828
0.0,0.5,60.0,1.0,6340,0.16358157842376247,0.6216784304054283,1146,917.0,0.821653931155684,80.0,0.821653931155684,30.683010060127902,155.54290163286578,0.9375296483871044
0.0,0.75,30.0,1.0,6340,0.1635836773825485,0.6216927523093205,1146,463.5,0.5861416808614343,52.5,0.586141680861434,29.839512306022982,133.9478766275413,0.937532458105922
0.0,0.75,50.0,1.0,6340,0.16358388767938478,0.6217085304947612,1146,765.0,0.9729303438086051,80.0,0.9729303438086043,30.51511216574422,147.06443466365135,0.9375802233258176
0.0,0.5,50.0,0.75,6340,0.16358625326614817,0.621687997795066,1146,772.5,0.689125451104313,75.0,0.6891254511043122,30.367926782929693,146.96362579904962,0.9374603419896089
0.0,0.75,60.0,1.25,6340,0.16358710353524045,0.6217285302788634,1146,886.3125,1.139765040215515,80.0,1.1397650402155146,30.81839459509421,156.2411972709749,0.9375952084928437
0.0,0.5,40.0,0.5,6340,0.16359374495896847,0.6217042601502812,1146,618.0,0.5513003608834504,60.0,0.5513003608834502,30.054644201705933,140.42469518874873,0.9374434836767047
0.0,0.75,20.0,1.25,6340,0.16359717746456695,0.6217182695999102,1146,309.0,0.39076112057428947,35.0,0.39076112057428924,29.540333861417082,127.91296938412597,0.9376008279304783
0.0,0.5,30.0,0.75,6340,0.1636041021805565,0.6217272357738212,1146,463.5,0.41347527066258777,45.0,0.41347527066258705,29.764383984291122,133.8852256884254,0.9374697077190003
0.0,0.25,60.0,1.25,6340,0.16360758493305463,0.6217297079385049,1146,927.0,0.6222117264438731,75.0,0.6222117264438726,30.596128178066422,154.86119445886175,0.9373442069451567
0.0,1.0,40.0,1.0,6340,0.1636131506576699,0.621830961808303,1146,618.0,1.1976343952014363,80.0,1.1976343952014359,30.45295202403539,142.79614305534983,0.9378452734675912
0.0,0.25,50.0,1.0,6340,0.16361358467925408,0.6217440853694551,1146,772.5,0.5185097720365609,62.5,0.5185097720365606,30.285449011262102,146.86323075522864,0.937366684695696
0.0,0.5,20.0,1.0,6340,0.16361737096273063,0.6217569428647985,1146,309.0,0.2756501804417252,30.0,0.2756501804417245,29.497803612638847,127.91296938412597,0.9375839696175741
0.0,0.25,40.0,0.75,6340,0.1636201946502053,0.6217598371424676,1146,618.0,0.4148078176292488,50.0,0.41480781762924823,29.994423969382076,140.34358184112295,0.937432244801435
0.0,0.25,30.0,1.0,6340,0.16362741879385137,0.6217769650758882,1146,463.5,0.31110586322193656,37.5,0.3111058632219357,29.723633119821955,133.8238092214865,0.9374172596344088
0.0,0.25,20.0,1.25,6340,0.1636352609052999,0.6217954709985503,1146,309.0,0.2074039088146244,25.0,0.20740390881462395,29.473637809592596,127.91296938412597,0.937474390583696
0.0,1.0,50.0,1.25,6340,0.16364319822623374,0.6219452067851494,1146,730.0,1.4506012397826593,80.0,1.4506012397826589,30.81391577018866,147.16495892176147,0.9378087471229652
0.0,0.0,0.0,2.0,6340,0.16365281343435142,0.6218366241900113,1146,0.0,0.0,0.0,-6.02676093720453e-16,29.03815628863108,127.91296938412597,0.9375849061905133
0.0,1.0,60.0,1.5,6340,0.1636766606799224,0.6220800630802586,1146,828.0,1.6812894222606973,80.0,1.6812894222606967,31.152540901077288,156.95544575411645,0.9379276918862347
