candidate_key,profile,ucl_multiplier,uel_multiplier,uecl_multiplier,matches,brier_1x2,log_loss_1x2,max_abs_match_delta,max_pair_sum_error,max_abs_rating_change,start_end_rank_correlation,max_reserve,reserve_added,trophy_added,ranking_score,pairwise_accuracy
k_global_ucl0.75_uel0.75_uecl0.75,GLOBAL,0.75,0.75,0.75,6340,0.5761775218023395,0.9707312461228015,71.26126880944875,9.094947017729282e-13,386.4041118329785,0.9575788652950556,0.0,0.0,0.0,0.307698153350219,0.606129989117817
k_global_ucl1_uel1_uecl1,GLOBAL,1.0,1.0,1.0,6340,0.57570389573165,0.9700199031593156,94.9584820589952,9.094947017729282e-13,475.01845433796007,0.937453785979035,0.0,0.0,0.0,0.30744242960987206,0.6061641980184665
k_global_ucl1.25_uel1.25_uecl1.25,GLOBAL,1.25,1.25,1.25,6340,0.5763258108059048,0.9708798300494315,119.22992447973735,9.094947017729282e-13,551.0496741230486,0.9177370524644749,0.0,0.0,0.0,0.30680178905486366,0.6060513558864438
k_global_ucl1.5_uel1.5_uecl1.5,GLOBAL,1.5,1.5,1.5,6340,0.5778258063920303,0.9730043525854185,143.7852312980019,9.094947017729282e-13,618.019290916742,0.9023449446972843,0.0,0.0,0.0,0.30617936241293514,0.606131704147313
k_hierarchy_ucl0.75_uel0.375_uecl0.1875,HIERARCHY,0.75,0.375,0.1875,6340,0.5788925962375804,0.9748066100746379,68.51698676155705,9.094947017729282e-13,322.2329724550855,0.9834934617485699,0.0,0.0,0.0,0.3039385835289628,0.6044849722666679
k_hierarchy_ucl0.75_uel0.375_uecl0.3375,HIERARCHY,0.75,0.375,0.3375,6340,0.5784832127274072,0.9741482686674493,68.51698676155705,9.094947017729282e-13,322.2329724550855,0.9816515995495085,0.0,0.0,0.0,0.3049908175879415,0.6047664559170919
k_hierarchy_ucl0.75_uel0.4875_uecl0.1875,HIERARCHY,0.75,0.48750000000000004,0.1875,6340,0.578122876336546,0.9736944061297743,68.51698676155705,9.094947017729282e-13,322.8157926379424,0.9775339442792779,0.0,0.0,0.0,0.3042955025918423,0.604704193738333
k_hierarchy_ucl0.75_uel0.4875_uecl0.3375,HIERARCHY,0.75,0.48750000000000004,0.3375,6340,0.5777207280082003,0.9730482235592308,68.51698676155705,9.094947017729282e-13,322.8157926379424,0.9775339442792779,0.0,0.0,0.0,0.3056491841943045,0.6051661357042583
k_hierarchy_ucl0.75_uel0.4875_uecl0.45,HIERARCHY,0.75,0.48750000000000004,0.44999999999999996,6340,0.577524273830232,0.9727278323626283,68.51698676155705,9.094947017729282e-13,322.8157926379424,0.9759759675383821,0.0,0.0,0.0,0.3059085479090043,0.6053331440186298
k_hierarchy_ucl0.75_uel0.6_uecl0.1875,HIERARCHY,0.75,0.6000000000000001,0.1875,6340,0.5774968876861534,0.9727952194108884,68.51698676155705,9.094947017729282e-13,325.7036383265329,0.9709983972134232,0.0,0.0,0.0,0.30473660870708164,0.6047650974571319
k_hierarchy_ucl0.75_uel0.6_uecl0.3375,HIERARCHY,0.75,0.6000000000000001,0.3375,6340,0.5771011851035767,0.9721598581517029,68.51698676155705,9.094947017729282e-13,325.7036383265329,0.9709983972134232,0.0,0.0,0.0,0.306093195017359,0.6052869002046416
k_hierarchy_ucl0.75_uel0.6_uecl0.45,HIERARCHY,0.75,0.6000000000000001,0.44999999999999996,6340,0.5769091678511667,0.9718466484760273,68.51698676155705,9.094947017729282e-13,325.7036383265329,0.9709983972134232,0.0,0.0,0.0,0.3062665006942782,0.6055275630126256
k_hierarchy_ucl0.75_uel0.6_uecl0.5625,HIERARCHY,0.75,0.6000000000000001,0.5625,6340,0.5767992812323057,0.9716583894336809,68.51698676155705,9.094947017729282e-13,325.7036383265329,0.9688323663536724,0.0,0.0,0.0,0.3077159988520445,0.6060286979660908
k_hierarchy_ucl0.75_uel0.675_uecl0.1875,HIERARCHY,0.75,0.675,0.1875,6340,0.5771548533973596,0.9723054725055222,68.51698676155705,9.094947017729282e-13,356.8955212787039,0.9658033133871443,0.0,0.0,0.0,0.3049202854519305,0.6046719308599537
k_hierarchy_ucl0.75_uel0.675_uecl0.3375,HIERARCHY,0.75,0.675,0.3375,6340,0.5767630222713509,0.971676611762659,68.51698676155705,9.094947017729282e-13,356.8955212787039,0.9658033133871443,0.0,0.0,0.0,0.3063375728903368,0.6051535917557451
k_hierarchy_ucl0.75_uel0.675_uecl0.45,HIERARCHY,0.75,0.675,0.44999999999999996,6340,0.5765736569381983,0.9713676965491036,68.51698676155705,9.094947017729282e-13,356.8955212787039,0.9658033133871443,0.0,0.0,0.0,0.30652057272011685,0.6054744622596456
k_hierarchy_ucl0.75_uel0.675_uecl0.5625,HIERARCHY,0.75,0.675,0.5625,6340,0.5764662151572886,0.9711832956610152,68.51698676155705,9.094947017729282e-13,356.8955212787039,0.9658033133871443,0.0,0.0,0.0,0.3075347683214968,0.6058758056920093
k_hierarchy_ucl1_uel0.5_uecl0.25,HIERARCHY,1.0,0.5,0.25,6340,0.5776766733226727,0.9730141310683144,91.66042083909254,9.094947017729282e-13,382.99719892260237,0.9749999549272617,0.0,0.0,0.0,0.3057189163824289,0.6050308381724285
k_hierarchy_ucl1_uel0.5_uecl0.45,HIERARCHY,1.0,0.5,0.45,6340,0.5772542472293813,0.9723345036745485,91.66042083909254,9.094947017729282e-13,382.99719892260237,0.9719985210004246,0.0,0.0,0.0,0.3065484456301811,0.6055137244737949
k_hierarchy_ucl1_uel0.65_uecl0.25,HIERARCHY,1.0,0.65,0.25,6340,0.5769013714892798,0.9719064784353582,91.66042083909254,9.094947017729282e-13,382.20626909890825,0.9659709839739373,0.0,0.0,0.0,0.3056608773978415,0.6049654963719212
k_hierarchy_ucl1_uel0.65_uecl0.45,HIERARCHY,1.0,0.65,0.45,6340,0.576489829494152,0.97124434341655,91.66042083909254,9.094947017729282e-13,382.20626909890825,0.9659709839739373,0.0,0.0,0.0,0.3066533933799095,0.6055471805780159
k_hierarchy_ucl1_uel0.65_uecl0.6,HIERARCHY,1.0,0.65,0.6,6340,0.5763546610122594,0.9710125966043989,91.66042083909254,9.094947017729282e-13,382.20626909890825,0.9632048642652703,0.0,0.0,0.0,0.30850680321199064,0.6063429745019001
k_hierarchy_ucl1_uel0.8_uecl0.25,HIERARCHY,1.0,0.8,0.25,6340,0.576357203555006,0.9711316991947241,91.66042083909254,9.094947017729282e-13,405.9116353520642,0.9569167722871169,0.0,0.0,0.0,0.3058835302649324,0.6050520126680664
k_hierarchy_ucl1_uel0.8_uecl0.45,HIERARCHY,1.0,0.8,0.45,6340,0.5759547982512865,0.9704842317629853,91.66042083909254,9.094947017729282e-13,405.9116353520642,0.9569167722871169,0.0,0.0,0.0,0.306810072059694,0.6055476500737084
k_hierarchy_ucl1_uel0.8_uecl0.6,HIERARCHY,1.0,0.8,0.6,6340,0.5758256233162815,0.9702617571820411,91.66042083909254,9.094947017729282e-13,405.9116353520642,0.9569167722871169,0.0,0.0,0.0,0.30851773754724754,0.6063495063216682
k_hierarchy_ucl1_uel0.8_uecl0.75,HIERARCHY,1.0,0.8,0.75,6340,0.5758268908263834,0.9702331925266389,91.66042083909254,9.094947017729282e-13,405.9116353520642,0.9534379892909474,0.0,0.0,0.0,0.30877461743793366,0.6064632319453703
k_hierarchy_ucl1_uel0.9_uecl0.25,HIERARCHY,1.0,0.9,0.25,6340,0.576111564795903,0.9707818246634692,91.66042083909254,9.094947017729282e-13,441.62731238844503,0.9505344725317718,0.0,0.0,0.0,0.30528668425883326,0.6048854212775006
k_hierarchy_ucl1_uel0.9_uecl0.45,HIERARCHY,1.0,0.9,0.45,6340,0.5757143223659028,0.9701426545269327,91.66042083909254,9.094947017729282e-13,441.62731238844503,0.9505344725317718,0.0,0.0,0.0,0.30649839414924424,0.605420909757745
k_hierarchy_ucl1_uel0.9_uecl0.6,HIERARCHY,1.0,0.9,0.6,6340,0.5755884959075366,0.9699253732585594,91.66042083909254,9.094947017729282e-13,441.62731238844503,0.9505344725317718,0.0,0.0,0.0,0.30775986540417655,0.6060627729501904
k_hierarchy_ucl1_uel0.9_uecl0.75,HIERARCHY,1.0,0.9,0.75,6340,0.5755927241036592,0.9699012935821328,91.66042083909254,9.094947017729282e-13,441.62731238844503,0.9505344725317718,0.0,0.0,0.0,0.308006057761584,0.6062429728557219
k_hierarchy_ucl1.25_uel0.625_uecl0.3125,HIERARCHY,1.25,0.625,0.3125,6340,0.577031949283859,0.9720609097252237,114.95768596664827,9.094947017729282e-13,440.0270333779656,0.9662098694873787,0.0,0.0,0.0,0.30648059594239924,0.6052395669598527
k_hierarchy_ucl1.25_uel0.625_uecl0.5625,HIERARCHY,1.25,0.625,0.5625,6340,0.5766459678894994,0.9714344764625743,114.95768596664827,9.094947017729282e-13,440.0270333779656,0.9618125961463844,0.0,0.0,0.0,0.30851794227690876,0.6061824075089146
k_hierarchy_ucl1.25_uel0.8125_uecl0.3125,HIERARCHY,1.25,0.8125,0.3125,6340,0.5763420916130911,0.9710822097197531,114.95768596664827,9.094947017729282e-13,440.0270333779656,0.9546279786319162,0.0,0.0,0.0,0.30682027191939387,0.6051794211971379
k_hierarchy_ucl1.25_uel0.8125_uecl0.5625,HIERARCHY,1.25,0.8125,0.5625,6340,0.5759702450553035,0.9704776399335648,114.95768596664827,9.094947017729282e-13,440.0270333779656,0.9546279786319162,0.0,0.0,0.0,0.30901197853030904,0.6061552593355187
k_hierarchy_ucl1.25_uel0.8125_uecl0.75,HIERARCHY,1.25,0.8125,0.75,6340,0.5759422213989567,0.9704004895610904,114.95768596664827,9.094947017729282e-13,440.0270333779656,0.9503959975715192,0.0,0.0,0.0,0.3091657078176662,0.606462279458514
k_hierarchy_ucl1.25_uel1_uecl0.3125,HIERARCHY,1.25,1.0,0.3125,6340,0.5759744772180239,0.9705603809732379,114.95768596664827,9.094947017729282e-13,475.94475705658465,0.9429198841089751,0.0,0.0,0.0,0.3069735120271649,0.6051397596816911
k_hierarchy_ucl1.25_uel1_uecl0.5625,HIERARCHY,1.25,1.0,0.5625,6340,0.5756136214605208,0.9699727894849802,114.95768596664827,9.094947017729282e-13,475.94475705658465,0.9429198841089751,0.0,0.0,0.0,0.30865115077786914,0.6058820838934644
k_hierarchy_ucl1.25_uel1_uecl0.75,HIERARCHY,1.25,1.0,0.75,6340,0.5755924323627656,0.9699058564188526,114.95768596664827,9.094947017729282e-13,475.94475705658465,0.9429198841089751,0.0,0.0,0.0,0.30891160829493786,0.6062492489883591
k_hierarchy_ucl1.25_uel1_uecl0.9375,HIERARCHY,1.25,1.0,0.9375,6340,0.5757530613976529,0.9701051482878281,114.95768596664827,9.094947017729282e-13,475.94475705658465,0.9376504662962523,0.0,0.0,0.0,0.3079724682272577,0.6059160928801689
k_hierarchy_ucl1.25_uel1.125_uecl0.3125,HIERARCHY,1.25,1.125,0.3125,6340,0.5758875446311168,0.9704353898793825,114.95768596664827,9.094947017729282e-13,514.8708115486677,0.9345868362363181,0.0,0.0,0.0,0.3067007208409032,0.60526040342193
k_hierarchy_ucl1.25_uel1.125_uecl0.5625,HIERARCHY,1.25,1.125,0.5625,6340,0.5755323718239573,0.9698566001785242,114.95768596664827,9.094947017729282e-13,514.8708115486677,0.9345868362363181,0.0,0.0,0.0,0.3086265451067877,0.6061095597589201
k_hierarchy_ucl1.25_uel1.125_uecl0.75,HIERARCHY,1.25,1.125,0.75,6340,0.575514625907578,0.9697948556836236,114.95768596664827,9.094947017729282e-13,514.8708115486677,0.9345868362363181,0.0,0.0,0.0,0.3086981244362939,0.6064162530990477
k_hierarchy_ucl1.25_uel1.125_uecl0.9375,HIERARCHY,1.25,1.125,0.9375,6340,0.5756781570462974,0.9699984640383307,114.95768596664827,9.094947017729282e-13,514.8708115486677,0.9345868362363181,0.0,0.0,0.0,0.3081037443554691,0.6061632107555843
k_hierarchy_ucl1.5_uel0.75_uecl0.375,HIERARCHY,1.5,0.75,0.375,6340,0.5768713678893881,0.9718118448245898,138.4095586242005,9.094947017729282e-13,500.5036815607011,0.9573611894875952,0.0,0.0,0.0,0.3078863388503524,0.6058145825452398
k_hierarchy_ucl1.5_uel0.75_uecl0.675,HIERARCHY,1.5,0.75,0.675,6340,0.5765651204139299,0.9713022787067648,138.4095586242005,9.094947017729282e-13,500.5036815607011,0.9512064230172166,0.0,0.0,0.0,0.3093934441560419,0.6066638541798176
k_hierarchy_ucl1.5_uel0.975_uecl0.375,HIERARCHY,1.5,0.9750000000000001,0.375,6340,0.5763386899495887,0.9710594398366978,138.4095586242005,9.094947017729282e-13,500.5036815607011,0.9427450018840404,0.0,0.0,0.0,0.30777382271297166,0.6055612272145412
k_hierarchy_ucl1.5_uel0.975_uecl0.675,HIERARCHY,1.5,0.9750000000000001,0.675,6340,0.5760490643171812,0.9705747425933418,138.4095586242005,9.094947017729282e-13,500.5036815607011,0.9427450018840404,0.0,0.0,0.0,0.30930233013042435,0.6063371069725467
k_hierarchy_ucl1.5_uel0.975_uecl0.9,HIERARCHY,1.5,0.9750000000000001,0.8999999999999999,6340,0.5761659008778199,0.970705647985267,138.4095586242005,9.094947017729282e-13,500.5036815607011,0.93650129129994,0.0,0.0,0.0,0.3081778150979537,0.606204317903506
k_hierarchy_ucl1.5_uel1.2_uecl0.375,HIERARCHY,1.5,1.2000000000000002,0.375,6340,0.5762173461834524,0.9708865319332954,138.4095586242005,9.094947017729282e-13,537.9940196685218,0.9287345918843829,0.0,0.0,0.0,0.3075928486748337,0.6053817672764754
k_hierarchy_ucl1.5_uel1.2_uecl0.675,HIERARCHY,1.5,1.2000000000000002,0.675,6340,0.5759393769322998,0.97041924848776,138.4095586242005,9.094947017729282e-13,537.9940196685218,0.9287345918843829,0.0,0.0,0.0,0.30885205346943734,0.6062307175976757
k_hierarchy_ucl1.5_uel1.2_uecl0.9,HIERARCHY,1.5,1.2000000000000002,0.8999999999999999,6340,0.5760630240734167,0.9705601232422413,138.4095586242005,9.094947017729282e-13,537.9940196685218,0.9287345918843829,0.0,0.0,0.0,0.30812713783010587,0.6061778742846653
k_hierarchy_ucl1.5_uel1.2_uecl1.125,HIERARCHY,1.5,1.2000000000000002,1.125,6340,0.5764206172670648,0.9710407348004647,138.4095586242005,9.094947017729282e-13,537.9940196685218,0.92230565526155,0.0,0.0,0.0,0.30750730560468326,0.6061318451012017
k_hierarchy_ucl1.5_uel1.35_uecl0.375,HIERARCHY,1.5,1.35,0.375,6340,0.5763324597944615,0.9710478346679532,138.4095586242005,9.094947017729282e-13,579.4759112891516,0.9191782698919515,0.0,0.0,0.0,0.30765151203340235,0.6055885909201858
k_hierarchy_ucl1.5_uel1.35_uecl0.675,HIERARCHY,1.5,1.35,0.675,6340,0.5760597063093292,0.9705883812545196,138.4095586242005,9.094947017729282e-13,579.4759112891516,0.9191782698919515,0.0,0.0,0.0,0.30922159068524463,0.6064174196733352
k_hierarchy_ucl1.5_uel1.35_uecl0.9,HIERARCHY,1.5,1.35,0.8999999999999999,6340,0.5761862097524764,0.9707335415241475,138.4095586242005,9.094947017729282e-13,579.4759112891516,0.9191782698919515,0.0,0.0,0.0,0.30849824733337766,0.6065184216318157
k_hierarchy_ucl1.5_uel1.35_uecl1.125,HIERARCHY,1.5,1.35,1.125,6340,0.5765460521350279,0.9712175960928385,138.4095586242005,9.094947017729282e-13,579.4759112891516,0.9191782698919515,0.0,0.0,0.0,0.3076074394119808,0.6061984052756375
