candidate,dev_log_loss,dev_brier,dev_accuracy,dev_spearman,season_log_loss_std,validation_log_loss
country_b15_g2.2_c340,0.6194757731528975,0.161377763724074,0.6963324067774016,0.42315366431555373,0.008779331129250237,0.6229090881483659
country_b12.5_g2.6_c320,0.6194776072965623,0.16143370844998725,0.6945062420578598,0.42155515028780527,0.009253793465925206,0.6223746381144847
country_b12.5_g2.4_c320,0.6194850196971626,0.16143205256835313,0.6953156844885133,0.4227348533650452,0.00925256524165081,0.6225934360209033
country_b20_g2.0_c360,0.6194898408012521,0.16138487535070223,0.6963236300082557,0.424105991266466,0.007899363183690545,0.6219135632440491
country_b15_g2.4_c340,0.6194987095899456,0.1613913948011325,0.6961520664167209,0.4224891359670627,0.00876415208401011,0.6226731480724053
country_b15_g2.2_c320,0.6195202773482069,0.1614075218879407,0.6944173705113568,0.4240405998198645,0.008760988531816226,0.6224274635084441
country_b20_g2.0_c400,0.619538552756046,0.16137887785920446,0.6964861200316881,0.4238322619998904,0.0076968819180609225,0.6228287995037722
country_b20_g2.2_c400,0.6195394980624482,0.16138567640609103,0.6975223848417378,0.42420314493817646,0.00759899349686697,0.6223696362783222
country_b12.5_g2.6_c340,0.6195414331334824,0.16145373039725708,0.6962790380394243,0.4217594128715802,0.009305918046502796,0.622988726430618
country_b15_g2.4_c320,0.6195631104109347,0.1614326632858909,0.697597893368551,0.4222183742239237,0.008753494516266737,0.6222223501276462
country_b12.5_g2.4_c340,0.6195660444640336,0.161462230593602,0.6967614125073579,0.42196921086949135,0.009310691193370193,0.6232317669031582
country_b20_g2.2_c360,0.6195750101180953,0.16143411846306593,0.6975091207550334,0.42328385470922547,0.007844199176580613,0.6215966698676856
country_b12.5_g2.4_c300,0.6195761683991358,0.1614756411514172,0.6908405495990864,0.42338160173205586,0.009217414701706884,0.622180469318891
country_b17.5_g2.2_c360,0.619578023928352,0.16142391599613864,0.6974468763149245,0.42388197919475396,0.008421152770514789,0.623168604210416
country_b12.5_g2.6_c300,0.6195838531825222,0.16148600283800377,0.6931360225658285,0.42174780895805924,0.009223701490284886,0.6219840501413072
country_b15_g2.2_c360,0.6195894630149174,0.16141453818995233,0.6975401362460006,0.4231073695049136,0.00882157651909438,0.6235997824994306
country_b15_g2.4_c360,0.6195898015926621,0.16141491023297533,0.6960188007673573,0.4236231978504602,0.00879730773824338,0.623330376709159
country_b17.5_g2.0_c360,0.6196032057410565,0.1614290765097326,0.6956898427547534,0.42346253954203494,0.008464858238263737,0.6234834507706939
country_b17.5_g2.0_c340,0.6196069985341429,0.1614420508453011,0.6941773829782416,0.4243910250540762,0.008481548431809857,0.622935806462699
country_b17.5_g2.2_c340,0.619615217150271,0.16145458392324213,0.6955940844889885,0.4234502909482649,0.008451919855401868,0.6226667837920267
country_b12.5_g2.2_c320,0.6196239007738056,0.16148954067383572,0.6938076130965743,0.4219283205757896,0.009244224621689126,0.6229625810143627
country_b15_g2.0_c340,0.6196283492221668,0.1614435891570331,0.6960142145168133,0.42191899197325256,0.008790438197752066,0.6233440850182936
country_b20_g1.8_c360,0.6196353587314665,0.16144098311630395,0.6952918525157644,0.4235588970178399,0.00795718022159653,0.6224983496967815
country_b15_g2.0_c320,0.6196392172593302,0.16145542813438152,0.6934699772478101,0.4235750613196209,0.008763775188950614,0.6228175913712879
country_b15_g2.6_c340,0.6196517252475725,0.16146349861702264,0.6981471974601231,0.42162672643358273,0.008745579145572297,0.6225895730180866
country_b20_g2.0_c340,0.619662758310272,0.16147173243646182,0.6946422039078834,0.4241501270089433,0.008019178474544492,0.6217121936405409
country_b12.5_g2.2_c300,0.6196895320156284,0.16151959647967673,0.6909248348950455,0.42330259152394534,0.00920381313363394,0.6225165132872766
country_b15_g2.2_c300,0.6197255375127134,0.16150682490826263,0.6931982670059373,0.42328645180651114,0.008763239479975723,0.6221581788106882
country_b15_g2.6_c320,0.6197255847988147,0.16151140368312752,0.6976691124437768,0.4214191084534184,0.008742009860083586,0.6221587212212617
country_b17.5_g2.4_c360,0.6197294567546482,0.1614989075508364,0.6972665359542438,0.4218594417004625,0.008375022338453626,0.6230603647109377
country_b15_g2.6_c360,0.6197310959020013,0.1614788382950005,0.6976824754634667,0.42162016345874154,0.008770330945551966,0.6232245996458445
country_b20_g2.4_c400,0.61973285236617,0.16148025876172534,0.6981338344404332,0.4220408426367494,0.007508074904252335,0.6221404697739813
country_b12.5_g2.2_c340,0.6197329591628685,0.16153489114596237,0.69308245596188,0.4214122754845769,0.009308639215089292,0.6236362256189586
country_b10_g2.6_c300,0.6197475887764401,0.16159490449860553,0.6897836393181427,0.4220783635594497,0.010296582098162897,0.622896981421191
country_b20_g1.8_c340,0.6197540470412866,0.16150119067020452,0.6939463700802433,0.42414958472919667,0.008057680509218472,0.6222139004266269
country_b17.5_g2.0_c320,0.6197591623769428,0.16151857135876255,0.6942663534577302,0.423825057734868,0.008519527211847745,0.6225851759872943
country_b12.5_g2.6_c360,0.6197723966184352,0.16154256376937395,0.6950179398328478,0.4218840134606636,0.009383433961050815,0.6238225899519045
country_b15_g2.0_c360,0.6197789241203017,0.16150028202503205,0.6966505001050044,0.4214535237285402,0.008842494303945977,0.6240827577958229
country_b20_g2.2_c340,0.6197837738991525,0.16153892132064407,0.693979489079269,0.42363338694492464,0.007981250308365885,0.6214589428778389
country_b15_g2.4_c300,0.6197856303041538,0.16154176868472944,0.6932605114460462,0.42168460525727086,0.008762046919335284,0.6219813290010358
country_b17.5_g2.4_c340,0.6197861446924031,0.16154071504377673,0.6948556632675897,0.42203507439436405,0.008418882466518129,0.6225897458762799
country_b17.5_g2.2_c320,0.6197972067131733,0.1615466946962391,0.6951292635593466,0.4230648493911989,0.00850227084745893,0.6223583238255779
country_b20_g1.8_c400,0.6198073426685438,0.16149587920835468,0.6961769024062167,0.42295539267674453,0.007802302879945201,0.6235968349522854
country_b15_g2.0_c300,0.6198140278396844,0.16153877768017155,0.6911275285027364,0.42420533610676525,0.008759187196439915,0.6225064726260936
country_b10_g2.6_c320,0.6198155619980188,0.1616262021103989,0.6885555611776064,0.4212285291022683,0.010410958280570648,0.6235119215901344
country_b12.5_g2.4_c360,0.6198163762082102,0.16156271855727392,0.6945149198940203,0.4218789057448635,0.00939510984278355,0.6240918211821199
country_b17.5_g1.8_c340,0.6198236148564211,0.16153199427405257,0.6940973871338698,0.42311840237926024,0.008507201149194116,0.6234604651034829
country_b20_g2.4_c360,0.6198237174710739,0.16155744659796373,0.6970176727189972,0.4221795603707973,0.00779145775057,0.6214785193324629
country_b12.5_g2.4_c280,0.6198421069588085,0.1615961300309185,0.693680641473871,0.42239398615907703,0.00920212873936625,0.621996117727518
country_b12.5_g2.6_c280,0.6198628578669275,0.1616138063067072,0.693035579116534,0.42185685250070215,0.009212517421555263,0.6218203008964731
country_b10_g2.6_c280,0.619868719849411,0.1616460598487627,0.6896237465623849,0.42243149767395527,0.010204598650960605,0.6225260799371264
country_b17.5_g1.8_c360,0.6198718868839365,0.16154548618744602,0.6953139923046003,0.42288198097763385,0.008505632068899692,0.6240730788007548
country_b17.5_g1.8_c320,0.6199280213846032,0.16158448892946659,0.6925805389727849,0.42357757347668046,0.008531889185037495,0.6230491620950852
country_b17.5_g2.2_c400,0.6199282261774052,0.16153548544656207,0.6945773622001001,0.42368177570729176,0.008434842622700668,0.6247389819907477
country_b12.5_g2.2_c280,0.6199323997805335,0.1616281385841748,0.6909692289979059,0.4236345400932559,0.009184309726021569,0.622301186928958
country_b12.5_g2.0_c320,0.6199349980949654,0.16162496605018092,0.6907558685711851,0.421453259123423,0.009227895122411721,0.6235236786526446
country_b15_g2.6_c300,0.619955365654201,0.16162565135214393,0.6934943194776899,0.42126310239265,0.008756365010008415,0.6219354658018674
country_b12.5_g2.0_c300,0.6199616767209348,0.16163526720085955,0.6905044080682641,0.42178254727374415,0.009182010164028656,0.6230309155897402
country_b10_g2.4_c300,0.6199645480700949,0.16168689964393468,0.6878551410994224,0.42133432266641485,0.010232719925470448,0.6232949413528088
country_b20_g2.0_c320,0.6199697453373435,0.1616174414939967,0.6928027751016372,0.4238462222929494,0.008147125219957066,0.6216846112251625
country_b15_g1.8_c320,0.6199764320673439,0.16160260518084618,0.6913033815458587,0.4225612216233775,0.008761201165588607,0.6234500821398855
country_b17.5_g2.4_c320,0.6199846294668425,0.1616421383121464,0.6951070248375253,0.42180430555399706,0.008480757557136865,0.6223093506088032
country_b17.5_g2.6_c360,0.6200081618124442,0.16163122466146482,0.6959833968918171,0.4215018940622559,0.008327053927720974,0.6231074465008556
country_b20_g1.8_c320,0.6200117402533486,0.16162282814085793,0.6918553818380907,0.4243016783643157,0.00816907880074439,0.6221089812753675
country_b12.5_g2.2_c360,0.6200139065524565,0.1616522330341357,0.6934049376740558,0.4199694436543859,0.009400328107238275,0.6245338892073251
country_b15_g1.8_c340,0.6200173841066365,0.1616171580738713,0.6944127842608127,0.42229311260529834,0.008796856822380517,0.6240396677350748
country_b17.5_g2.0_c400,0.62003109097554,0.16158237747585252,0.6955183780962042,0.42226439124271986,0.008511558465759097,0.6251566639836457
country_b17.5_g2.4_c400,0.620031504689593,0.16158265090752696,0.695042183129742,0.42378697505551355,0.008358011989934327,0.6245586943273025
country_b20_g2.4_c340,0.6200547883548871,0.16167377301851268,0.6935014040629228,0.4220292439275732,0.007943862024789769,0.6213896576409529
country_b10_g2.4_c280,0.6200589072761756,0.16172448618137603,0.6881778206775693,0.422340182671677,0.010140028231853728,0.6228928269426961
country_b10_g2.4_c320,0.6200614673286118,0.16173314583337664,0.6891002790186345,0.4198044043988665,0.01034851609513221,0.6239428154461215
country_b17.5_g2.0_c300,0.620061862425254,0.16166118003859406,0.6913702122365115,0.4235500913726487,0.008575024693330295,0.6224344471869433
country_b20_g2.6_c400,0.6200621538109843,0.16163643558957624,0.6960544181010718,0.4214625159610479,0.00742372112845193,0.6220824687181484
country_b10_g2.6_c340,0.6200697604531674,0.16173648484702088,0.6907221568795578,0.4197825878860283,0.010550181949105446,0.6243672938628179
country_b17.5_g2.6_c340,0.6200739487519458,0.16167925754777857,0.6951116110880693,0.4211787134247661,0.008383085943053087,0.6226568067765815
country_b12.5_g2.0_c340,0.6200860385517272,0.1616919362461916,0.692268328347697,0.42050671091586467,0.009298895015292147,0.6242466571842106
country_b15_g2.2_c280,0.6200938816464217,0.16167837794890788,0.6907046033412662,0.4230768708105875,0.008783059027162025,0.6221041278431226
country_b15_g1.8_c300,0.6201033075198883,0.16166184301204484,0.6903357385433604,0.4229947940379167,0.008749192345799694,0.6230794951925513
country_b20_g1.6_c360,0.6201046174350779,0.16164597671623387,0.692571564337668,0.4224098266231581,0.008018161501152978,0.62344486833371
country_b20_g2.2_c320,0.6201224383387373,0.16170036194411097,0.6923960080935023,0.422841732360409,0.00812394047085936,0.6214899690803231
country_b17.5_g2.2_c300,0.6201262036408145,0.16170281503690753,0.6912015427116077,0.4229428542906279,0.008568436082416512,0.6222461778629013
country_b20_g1.6_c340,0.6201439723815803,0.1616676787128742,0.692827413225162,0.4237580310217607,0.008097070953222289,0.6230515678058303
country_b15_g2.0_c280,0.6201550421478363,0.1616962962290438,0.6900842780404393,0.42356890697861255,0.008773601966099382,0.6224135438550203
country_b12.5_g2.0_c280,0.6201685544218122,0.1617258745194872,0.6893810628286097,0.42290933614268456,0.009158165011713633,0.6227714490502327
country_b15_g2.4_c280,0.6201686654848837,0.16172146886089028,0.6925308669937934,0.421729145716359,0.008786839404234784,0.6219530581005771
country_b10_g2.6_c260,0.6201815539350156,0.161782753223344,0.6894016093665181,0.4228282338899312,0.010132696140171633,0.6224023934529868
country_b20_g2.6_c360,0.6201869548932499,0.16173216498800438,0.6958190168185007,0.4208486028940565,0.007741081529750468,0.6215075516843395
country_b17.5_g1.8_c300,0.6201872291688254,0.16170549801561143,0.6898532651424412,0.423487725487258,0.008575941301904741,0.6228419955713177
country_b15_g1.8_c360,0.6202237220103504,0.16170254451704014,0.6941613237578916,0.4205442207227067,0.008859468890779001,0.6248451262329537
country_b15_g2.4_c400,0.6202269506463886,0.16164292738639047,0.6986454332824356,0.4229157779526828,0.008945138829538514,0.6252490775867342
country_b17.5_g2.6_c320,0.6202789909844124,0.16178530761495238,0.6931876991198929,0.4205722708839459,0.008455701045506933,0.6223936732179567
country_b15_g2.2_c400,0.6202801451017083,0.16167441799603072,0.6963989406690979,0.421745351303407,0.008991681414915496,0.6255936107105083
country_b17.5_g2.6_c400,0.6202842187001112,0.1616976372734802,0.6963965412673946,0.42234904845670884,0.008281552304288555,0.6245574317389077
country_b12.5_g2.4_c260,0.6202851777775841,0.1617962720207345,0.6918367253500664,0.4215159288039944,0.009203913033635611,0.6220432105547852
country_b10_g2.2_c300,0.6203080327562213,0.16183586462521923,0.6885759098495438,0.4200181764304999,0.010158431862065437,0.6238339356386958
country_b12.5_g2.6_c260,0.6203170366814089,0.1618199400359602,0.6921504302930963,0.421397488114831,0.009217458096255531,0.6218863090752257
country_b17.5_g2.4_c300,0.6203271692136403,0.1618057749133236,0.6903965875985127,0.42183981691725964,0.008556887120900889,0.62222219911805
country_b20_g1.6_c320,0.620328262694352,0.16175384060749426,0.6883477910181766,0.42394183135853064,0.008189899963797634,0.6228444346040773
country_b15_g2.6_c400,0.6203377762126899,0.1616857661326771,0.695996562045536,0.4228232376738409,0.008897472143936519,0.6250918498434161
country_b15_g2.6_c280,0.620343532281485,0.16180905522468542,0.6919817607681924,0.42112647487619065,0.008785734650407644,0.621922858935609
country_b10_g2.4_c340,0.6203468420098951,0.16185978524421038,0.6887981459783961,0.4191110446206602,0.010489858201666287,0.6248329193812479
country_b10_g2.4_c260,0.6203470838573584,0.1618489508878465,0.6898751081323203,0.4229030989978685,0.010068128545792148,0.6227395685718787
country_b17.5_g1.6_c340,0.620350327646019,0.16176424582397908,0.6914616810506891,0.4210657208756001,0.008528497004271425,0.6243264360312474
country_b12.5_g2.2_c260,0.6203547742102947,0.1618178557864809,0.6920081900086157,0.42377308000688146,0.009182908338781453,0.6223193424442501
country_b10_g2.2_c280,0.6203658095387343,0.1618553664372659,0.6861738139320356,0.4214346038949034,0.010065264090994244,0.6233906320264677
country_b17.5_g1.6_c320,0.6203827038616467,0.16178131338264717,0.6900157551658734,0.4228341035070092,0.008538906384745007,0.6238300132781036
country_b15_g1.8_c280,0.6204002083066357,0.1617974936150021,0.6883317317978267,0.42329300168402717,0.008757723075123352,0.6229306469224022
country_b20_g1.8_c300,0.6204101251767935,0.16180782910108046,0.689560007804334,0.42525805068916656,0.008288549749806255,0.6221855028400525
country_b12.5_g2.0_c360,0.6204120600410568,0.16183279502450088,0.6930646056246317,0.41877608426291885,0.009398227755843602,0.6251963725549181
country_b20_g2.4_c320,0.6204121913955204,0.16184481804904519,0.6909590568438038,0.42172419638736997,0.00809968827666778,0.621465085315792
country_b20_g2.0_c300,0.6204124984636858,0.1618239170964103,0.6887550526912392,0.42352382573182834,0.008280588795462592,0.6218327040471655
country_b17.5_g1.8_c400,0.6204169641545755,0.1617590240921796,0.6930247144315329,0.4212873279500867,0.008587715997316418,0.62588933021072
country_b20_g2.6_c340,0.6204303384111947,0.16185526556091348,0.6941421769686724,0.4205624403742962,0.00790713879189154,0.6214562578909106
country_b12.5_g1.8_c300,0.6204427310278824,0.16184588766457442,0.6908225013958669,0.42176618410991984,0.009151165543013392,0.6237742579664918
country_b10_g2.2_c320,0.6204440675284191,0.16190173121161094,0.6876748996717272,0.419135569271141,0.010275477907771474,0.6245250110367887
country_b20_g1.6_c400,0.6204530349216033,0.1617867551109693,0.6935321227549334,0.4209412553233812,0.007916028784393335,0.6247807892108106
country_b12.5_g1.8_c320,0.6204724793903063,0.1618634303453888,0.6878775776872148,0.420117534460459,0.009202746573019015,0.6243310873301533
country_b17.5_g1.6_c360,0.6204758867225294,0.16181602005177675,0.6930541366715727,0.4207013575507959,0.008543136978028896,0.6250292794855102
country_b10_g2.6_c360,0.6205070495042415,0.16192196085016974,0.6916028183854371,0.41881731485992924,0.010716761025692625,0.6254590944769093
country_b17.5_g2.0_c280,0.6205170444241566,0.16187212107385401,0.6899199969001084,0.42354146978570933,0.008644644077381297,0.6224861603189074
country_b15_g2.0_c400,0.6205533451325771,0.16180605910177231,0.695271108111885,0.42063779401912776,0.009036501530108727,0.6261821413856985
country_b12.5_g2.0_c260,0.6205578309950989,0.16189941998627347,0.6905071042689241,0.4237247685774428,0.009153542970155163,0.6227479331196354
country_b17.5_g1.6_c300,0.6205751024678705,0.16186975407663287,0.6885877785512917,0.4236085901355587,0.008570649614604329,0.6235427830817982
country_b20_g2.2_c300,0.6205927129775654,0.16192034606079295,0.6875271724166739,0.42229647679741733,0.00826987194064459,0.6216916180269723
country_b12.5_g1.8_c280,0.620596795764727,0.1619107557826205,0.6881778206775693,0.42217726053209514,0.009122839667817226,0.6234538134196957
country_b17.5_g1.8_c280,0.6206031361872992,0.16189723765444056,0.6897955080198908,0.4251080490261992,0.008635929152218655,0.6228414370406746
country_b17.5_g2.2_c280,0.6206042039752657,0.16192522604833126,0.6895087425744151,0.4224269478680041,0.008647058932316515,0.6223329577931322
country_b15_g1.6_c320,0.6206087254890986,0.1618848788270077,0.6877754420540073,0.4208872922430719,0.008752761112115226,0.6244015219045554
country_b10_g2.2_c260,0.6206198782537735,0.1619632489638453,0.6880178289888258,0.4225830146545987,0.009993659702433724,0.6231981186694336
country_b17.5_g2.6_c300,0.6206255936131411,0.16195200642726318,0.691577591027732,0.4202611577006191,0.008541152570719924,0.6223211319925626
country_b15_g2.2_c260,0.620627382246913,0.1619245282712525,0.6883870895186737,0.4229349154180754,0.008817802631489482,0.6222677987534129
country_b20_g1.6_c300,0.6206591718139066,0.161906431906445,0.6893085473014131,0.4243642069705026,0.008293633775830941,0.6228254098968493
country_b15_g2.0_c260,0.6206642622048661,0.16193027240328647,0.6888028311619256,0.42345852466717426,0.008804296323630124,0.622541211406123
country_b15_g1.6_c300,0.6206642976312332,0.16190910338488163,0.6866432211122215,0.4216797188276402,0.00873270458639724,0.6239483656561168
country_b12.5_g1.8_c340,0.6206836230750573,0.16196038133913418,0.6916988734501588,0.4187998667823887,0.009280630326837827,0.6251212979332985
country_b10_g2.6_c240,0.6206883860345657,0.16200763073122865,0.6882871398289951,0.42228610257052884,0.010078785462450019,0.6225286380775695
country_b15_g2.4_c260,0.6207143597145316,0.16197417442030745,0.6872595537604175,0.42173312965179427,0.008825309534774478,0.6221401077763139
country_b12.5_g2.6_c400,0.6207229211809633,0.16191144882360173,0.6957759191676112,0.42117818121632045,0.00962845625352187,0.6261330234820492
country_b15_g1.6_c340,0.6207257687069305,0.1619371129539313,0.6914588859170436,0.42017562894950977,0.008798105807054911,0.6250780463760522
country_b10_g2.2_c340,0.6207711449616138,0.16204954750577305,0.6891252139411158,0.4186055551400202,0.010418830436424073,0.6254604024412623
country_b20_g2.6_c320,0.6207969625708387,0.16203140692087725,0.6908745736818735,0.4213057633391425,0.00807466792428361,0.62156525389775
country_b12.5_g2.4_c400,0.6208123955099468,0.16195954080642172,0.6971880344278141,0.4195909276611482,0.009656332783316101,0.6264607963795623
country_b10_g2.0_c300,0.6208130875047904,0.1620579125424357,0.6867986265504209,0.41871459559634727,0.01007274144541648,0.6245491428884755
country_b17.5_g2.4_c280,0.6208158108621511,0.16203394757506143,0.6894422086827189,0.4214259460591096,0.008643957991707899,0.6223309753049754
country_b10_g2.4_c360,0.6208175890384162,0.16206304223715323,0.6912667757876004,0.41780950325191224,0.010659226011847435,0.6259613219455915
country_b10_g2.0_c280,0.6208218543873695,0.162053609978342,0.6896725290498182,0.42056763882284204,0.00997934782678612,0.6240522315417837
country_b10_g2.4_c240,0.6208313099714179,0.1620628901492535,0.6886764522318238,0.42357671608848513,0.010014918472648685,0.6228378002221123
country_b15_g1.8_c260,0.6208690686032321,0.16201179569501717,0.6876084647130165,0.42435431265601875,0.008783998838911752,0.6230058648026006
country_b15_g2.6_c260,0.6208922992943404,0.16206409129218394,0.6894794192673608,0.42066587085243556,0.008827639679267278,0.6221235519852057
country_b15_g1.6_c280,0.6208946263397241,0.16201238928214978,0.6878553389653934,0.423295199400694,0.008734813195822092,0.6237212506573765
country_b20_g2.4_c300,0.6208976503227752,0.16207248448275777,0.6885660344943981,0.42156209216055596,0.008256751444381484,0.621706655129915
country_b12.5_g2.4_c240,0.6209074270273718,0.16207838447843478,0.6906423589011572,0.4218446603937892,0.009220375883331614,0.6223241270873289
country_b17.5_g1.6_c280,0.6209293793180087,0.16203177132162666,0.6889947434253977,0.4239734467267413,0.008620283648360916,0.6234671552008186
country_b12.5_g1.8_c260,0.6209368068392569,0.16206062115408526,0.6882740736082619,0.4228425987680433,0.00911494579704711,0.6233723264374511
country_b12.5_g2.6_c240,0.6209485100496268,0.1621067972202339,0.6906468462187157,0.42140777977838595,0.00923616478597948,0.6221845440517737
country_b20_g1.8_c280,0.6209506901589441,0.1620578387562444,0.6877001313931651,0.4242786058408117,0.008413727619475219,0.622445082890202
country_b20_g1.4_c340,0.6209538147636136,0.16202818171180625,0.689056888932521,0.42095065495248934,0.00813808148096182,0.6243456844546927
country_b12.5_g2.2_c240,0.6209586273916411,0.16209099293726772,0.690124169233538,0.4230199680386205,0.009197181519121056,0.6225732692006465
country_b20_g2.0_c280,0.6209925219256196,0.16209279827654327,0.6877758377859494,0.4231168965343952,0.008417425643674332,0.6221580772270905
country_b10_g2.0_c320,0.6210011076065207,0.1621493061029448,0.6875372456377906,0.41825557178316336,0.0101908490235249,0.6252961904832904
country_b15_g1.6_c360,0.6210130357747836,0.1620628511279526,0.6945417604585888,0.4196395107054606,0.00887201500520184,0.6259748742126925
country_b20_g1.4_c360,0.6210283893368873,0.16206125648287778,0.6898575545940285,0.42004214267565304,0.00808320148739942,0.6248823792586881
country_b10_g2.0_c260,0.6210298323759296,0.16213938639874373,0.6880978248331975,0.42217674978742936,0.009908350269560618,0.6238084006912803
country_b20_g1.4_c320,0.6210314223464928,0.1620631618727033,0.6844305391234966,0.42196840124661955,0.008210107365651979,0.6240029416335037
country_b10_g2.2_c240,0.621072408893522,0.16216206428119706,0.6880490423457641,0.4232588551558185,0.009941499800471263,0.62325894888526
country_b12.5_g1.8_c360,0.6210734810390025,0.16213337562249652,0.6913673181698805,0.4185718503135284,0.009387970306223407,0.626141483588265
country_b12.5_g2.2_c400,0.6210791438460803,0.1620879091723289,0.6948615459701046,0.4187006768706466,0.009678695781462117,0.6269852771618677
country_b17.5_g2.6_c280,0.6211158538175972,0.16218172039123716,0.6896803061659499,0.4209074139935851,0.008636170673572504,0.62244193787924
country_b15_g1.8_c400,0.621121698472339,0.16207262097756067,0.6955734390180945,0.4196838419393499,0.009078996876415996,0.6270894112282344
country_b17.5_g2.0_c260,0.6211264168960627,0.16215329882191076,0.6861122620228255,0.4233277815713967,0.008725443957010665,0.6227424820347588
country_b12.5_g2.0_c240,0.6211314056830955,0.16215808185393454,0.6895705756903785,0.4232074426341469,0.009165679281244388,0.6229625690154528
country_b20_g1.6_c280,0.6211381773146514,0.16212711845511438,0.6873864264501353,0.4247449851822983,0.008405691110195823,0.6229961306509038
country_b17.5_g1.8_c260,0.6211773985402942,0.1621615711903932,0.688814600930688,0.424226721697904,0.008708844123244725,0.6230495788358171
country_b17.5_g1.6_c400,0.6211914147527425,0.16211459031616274,0.695329162033392,0.4198481553507615,0.008662951184298781,0.6270414913629343
country_b20_g2.2_c280,0.6211961201944277,0.1622005148041257,0.6865726945678945,0.4215950974878144,0.008417118283210668,0.622065485132486
country_b12.5_g1.6_c300,0.6212002577005878,0.1621829335980732,0.6873905180357516,0.42009604779620496,0.009110557650204638,0.6248135758021904
country_b17.5_g2.2_c260,0.6212329703253453,0.16221588018955738,0.6859942650352392,0.4215658149428968,0.008735267761607532,0.622620906710178
country_b17.5_g1.4_c320,0.6212330642372766,0.16216060893013473,0.6864211828493403,0.4208904518236741,0.008540453223127983,0.6250366723494098
country_b20_g1.4_c300,0.6212629039377527,0.16216823036047667,0.6866770317368343,0.4228402835976859,0.008296117688992936,0.6238561373147992
country_b12.5_g1.6_c280,0.6212793637323184,0.16221178446859763,0.6852862657068945,0.4210667722006551,0.009077593179169419,0.6244103959568907
country_b10_g2.2_c360,0.6212862310811778,0.16227554562295793,0.6900681198871039,0.41716240530920135,0.010590939200258387,0.62663624791214
country_b20_g2.6_c300,0.6212885653217748,0.16226249216328287,0.6891105544694551,0.4205570035862406,0.00824168522779587,0.6218363760607614
country_b15_g1.6_c260,0.6213015834825615,0.1621969402087067,0.6867321915917102,0.4236036885174017,0.00875623466828288,0.6237224324340951
country_b17.5_g1.4_c340,0.621305891269043,0.16219450529223028,0.6880181257877824,0.41947463329592377,0.008545359354559941,0.6256508573264439
country_b12.5_g1.6_c320,0.6213094178754804,0.16223894982483034,0.6896905772530377,0.41914998301036965,0.009168060999477496,0.6254569031204519
country_b17.5_g1.4_c300,0.6213267461726534,0.1622014868532957,0.6841079584783353,0.42132559751760873,0.00855893617719784,0.6246377968267786
country_b15_g2.2_c240,0.6213278362891232,0.1622472176769894,0.6869324857976977,0.4219024825990815,0.008865275031155882,0.6226512481841089
country_b15_g2.0_c240,0.6213434117738761,0.16224257914124768,0.6868079969174801,0.4229732960803289,0.008848972260877993,0.6228914482832874
country_b10_g2.0_c340,0.621383196942292,0.16232438277627342,0.6890498043472881,0.41724944627105853,0.010336084064498988,0.6262899881669678
country_b10_g2.6_c220,0.6213911858509265,0.162322847345121,0.6893057521677676,0.4215359692039121,0.010041066536004704,0.6229070435241407
country_b15_g2.4_c240,0.621424583377129,0.16230189951430618,0.6871840452336042,0.42117557737368705,0.008875364561670663,0.6225446182380101
country_b10_g2.0_c240,0.6214391308380418,0.16231775707850515,0.6856380707261245,0.42231201838111865,0.009857611028827026,0.6238201258675823
country_b17.5_g1.6_c260,0.6214471425203396,0.16226920050204027,0.6880983194981252,0.4243415694429487,0.008684742204274112,0.6236051535353782
country_b17.5_g2.4_c260,0.6214523710699557,0.16232866020965034,0.686868747039647,0.4211182859301482,0.008739166652620603,0.6226379985514751
country_b12.5_g1.8_c240,0.6214645935284253,0.16229760509563135,0.6886055299555546,0.4228833766467457,0.009124982833570291,0.6235319142777612
country_b10_g1.8_c280,0.6214698929305484,0.16233903215961576,0.6889430824635365,0.4194945985333649,0.009881379552911618,0.6249201995147328
country_b15_g1.8_c240,0.621511540761337,0.16230656043734057,0.6875419308213202,0.4245473359447275,0.008825621696254409,0.6233070403860348
country_b20_g2.4_c280,0.6215127061971747,0.16235842001352524,0.6873600961426976,0.4205041309198151,0.008413329786796375,0.6221159536504184
country_b10_g2.4_c220,0.6215134902634895,0.16236840063111263,0.6881067994683144,0.42246056527407855,0.009978573518515426,0.6231896684167711
country_b10_g1.8_c300,0.6215260797009972,0.16237447565359686,0.6887760061895603,0.41881637032294416,0.009974737536707497,0.6254863572131105
country_b17.5_g1.4_c360,0.6215431633223376,0.1623006123607145,0.6935411963230359,0.41784606083188447,0.00857729339265467,0.6264776184629098
country_b12.5_g1.6_c260,0.6215488093356385,0.16232806075884304,0.6863455753895416,0.42165637458614236,0.009066347374808005,0.6242498641710849
country_b12.5_g2.0_c400,0.6215769457251674,0.1623212532860323,0.6945390642579289,0.41798043863650136,0.009694675201542918,0.6277603073799928
country_b17.5_g1.4_c280,0.6215887615598041,0.16231935560779195,0.6849042357552699,0.42244186849316073,0.008597379713611401,0.6244565925370898
country_b15_g1.4_c300,0.6215948196071573,0.16232642031953176,0.684389643913651,0.420029716174624,0.008709425789543545,0.6252095518371311
country_b15_g2.6_c240,0.6216036096546396,0.1623928471666435,0.687815843504237,0.4207807193518848,0.00888008800340979,0.6225397672383178
country_b12.5_g1.6_c340,0.6216044808093101,0.16237684365318653,0.6913540540831761,0.4179126629591107,0.009253109891291711,0.6263374414037144
country_b10_g1.8_c260,0.6216163975363981,0.16239560594892463,0.6881023121507559,0.4207983655513673,0.00981130853647518,0.6246098532921278
country_b20_g1.4_c400,0.6216263257198927,0.1623220278646886,0.6950447803974165,0.41670071967708944,0.008039033692727269,0.6265281951811724
country_b20_g1.8_c260,0.6216347122619414,0.16237418436045908,0.684659251552777,0.42316394965803816,0.008542710137399778,0.6228890316471083
country_b15_g1.4_c320,0.6216421267257799,0.1623519187420855,0.6870547722368715,0.41857967669736823,0.008738188375659211,0.6257758831389215
country_b20_g1.4_c280,0.6216497363113972,0.16234509835577834,0.6881027078826981,0.42406976789639084,0.008393340205068277,0.6239069404152376
country_b12.5_g2.4_c220,0.6217105844761059,0.16244429964188173,0.690164273884811,0.4211263587626117,0.009249589373036854,0.6228407721832918
country_b20_g2.0_c260,0.6217111145419519,0.1624254188161418,0.6856805600922093,0.4223839836751851,0.008555954106726167,0.6226620382063036
country_b10_g2.2_c220,0.6217252411308466,0.16245385504029408,0.688353772653677,0.42324709959642487,0.009906931112570008,0.6235751868604262
country_b15_g1.4_c280,0.6217282027568385,0.16238314172663987,0.6823191032764211,0.4208492289101337,0.008704510175151359,0.6248745417608842
country_b12.5_g2.2_c220,0.6217456141623761,0.1624493034073098,0.6881648533898215,0.4218628598495856,0.009225145268004581,0.6230647822981388
country_b17.5_g2.6_c260,0.6217516412045774,0.16247650585747153,0.6872756129807673,0.4200961399007245,0.008738015802315174,0.6227584850218316
country_b12.5_g2.6_c220,0.6217590823499463,0.16247629130179664,0.689363707156289,0.42026048007746275,0.009266761093949237,0.6227170002098291
country_b20_g1.6_c260,0.6217665383322571,0.16241723291684734,0.6855426092593162,0.4241713709594245,0.008523944520180446,0.6233579149402599
country_b10_g1.8_c320,0.6217825861245354,0.16249896064190827,0.6890248694248068,0.4179492647916475,0.01009370162949688,0.6263054503103441
country_b15_g1.4_c340,0.6218680276388213,0.16245702632417475,0.6900931537425707,0.4165914090542667,0.008793906944140714,0.6265709146772822
country_b15_g1.6_c240,0.621886754362118,0.16246451835129766,0.6869794615760293,0.4237531456221764,0.008794479322829441,0.6239537268881046
country_b12.5_g2.0_c220,0.6218908589696018,0.16250353924773117,0.6873152073749094,0.4222840414603524,0.009192530102271137,0.6234170832375898
country_b17.5_g2.0_c240,0.6218914349116907,0.16250623929374441,0.6864768373691439,0.42252558305197885,0.008814989596636564,0.6232051823152918
country_b20_g2.6_c280,0.6219067059165959,0.1625501776408524,0.6877005271251073,0.41899159475886877,0.008406656722520176,0.6222712017696427
country_b17.5_g1.8_c240,0.6219114149399116,0.162499971992603,0.684910712055698,0.4228490151411371,0.008792158805177523,0.6234681122866719
country_b10_g2.6_c400,0.6219172381467362,0.1625020649695635,0.6936333688965828,0.41686259634085043,0.011141713260368363,0.6283341951637823
country_b20_g2.2_c260,0.6219339818981163,0.16254221485817538,0.6862502128557186,0.42150553574283167,0.008564205469625994,0.6226128769107447
country_b10_g2.0_c360,0.6219563669188458,0.1625793713143898,0.6883335229147253,0.41613644294288876,0.010510862658318848,0.6275267380702725
country_b10_g1.8_c240,0.6219676452009948,0.16254668608366482,0.6868412139441795,0.4217471220212049,0.009762367517735977,0.6245577213263117
country_b12.5_g1.6_c240,0.6220103592804244,0.16253384216224676,0.6874111635066456,0.4226503018386596,0.00907428835559078,0.6243340216483242
country_b17.5_g2.2_c240,0.6220140149397405,0.1625763614668715,0.685760555936581,0.42102714968870275,0.008830717979693706,0.623111874628593
country_b17.5_g1.4_c260,0.6220206795481023,0.16251604539064265,0.6875330551191888,0.42392849680704436,0.008652680567084365,0.6244950270630376
country_b15_g1.4_c260,0.62204409599678,0.16252427632695715,0.6845771677925501,0.42225384823556705,0.008720555010493843,0.6247730498097688
country_b10_g2.0_c220,0.6220515252782607,0.16259071681473383,0.6878845633394621,0.4227443899154243,0.009825244271323646,0.6240893910003099
country_b12.5_g1.6_c360,0.6220828134128679,0.16259324665480368,0.6905596668561256,0.4156744135246505,0.009368776385208005,0.6274518453103383
country_b15_g1.6_c400,0.6220875480431026,0.16252156411531246,0.6950749063968256,0.4168198107993121,0.009118560801123644,0.6284153959606293
country_b17.5_g1.6_c240,0.622129737652472,0.16258347306090792,0.6856269934882608,0.4239639920017101,0.008761408254531627,0.6239583955341673
country_b12.5_g1.8_c220,0.6221816639331128,0.16262332047488565,0.6857938718962661,0.4229001641534511,0.00915084530270611,0.6239342181275322
country_b20_g1.4_c260,0.6221931688183157,0.1625951252136328,0.68785563576435,0.4242355886287842,0.008499431878113193,0.6241566875549566
country_b15_g2.0_c220,0.6221939192752917,0.16263463280852247,0.6843189195033528,0.4224990791114571,0.008905806297464494,0.623465773473976
country_b15_g2.2_c220,0.6221967471601475,0.1626479396166405,0.683996437791177,0.42125546368967975,0.008923773129991508,0.6232560793166042
country_b10_g1.8_c340,0.6222367408365431,0.16270907648926275,0.688400155739407,0.415305908415761,0.010240666488688205,0.6273741552318084
country_b17.5_g2.4_c240,0.6222384186273415,0.16269155686206996,0.6864723500515855,0.4205624345799714,0.008840253024736275,0.6231451982509056
country_b20_g2.4_c260,0.6222587038860317,0.16270398724204757,0.6869620069707231,0.4204330189413641,0.00856813918493698,0.6226942864867354
country_b15_g1.4_c360,0.6222701674540021,0.16263876102217412,0.691509558454361,0.4146664194351925,0.00887978940637016,0.6275916259318538
country_b15_g2.4_c220,0.622300914457608,0.16270621700001459,0.6852646205829864,0.42098719417801056,0.008935418541506729,0.6231682763390232
country_b12.5_g1.4_c280,0.6223013766603855,0.16266883541894947,0.6844812116608141,0.41878722076223174,0.009021879006912377,0.6257248546481649
country_b10_g2.4_c400,0.6223017195137931,0.1626829832616249,0.6921251985716583,0.41620239648985446,0.011091579336845687,0.6289155015551566
country_b12.5_g1.4_c300,0.6223267705308844,0.16268970316537085,0.6845567201876273,0.4171215017550365,0.009059654994543805,0.6262392590687321
country_b15_g1.8_c220,0.6223289792183616,0.16268313264153555,0.6841721919013137,0.4226341190972749,0.008880646855280462,0.6238356099250169
country_b10_g1.6_c280,0.6223673575259944,0.16273834585541688,0.6878064731371778,0.4192085611350317,0.009770565392183319,0.6260507598411073
country_b12.5_g1.8_c400,0.622377436873139,0.16269256156619777,0.6943053551592708,0.4156084651428083,0.009703359418463587,0.6288563318516258
country_b10_g1.6_c260,0.6224323639873339,0.16275647405179144,0.6852843756570104,0.42013237695926087,0.009701737989504869,0.6256544873041163
country_b20_g1.8_c240,0.6224632459021049,0.16275784932810844,0.6841012696250446,0.42269056236339697,0.008674048077381329,0.6235183394726669
country_b12.5_g1.4_c260,0.6224718313217168,0.16273828760761833,0.6839408822043589,0.41973889143209075,0.0090071615733067,0.625457675679974
country_b15_g2.6_c220,0.6224791147241052,0.16279697536735643,0.6860696746290669,0.42018666092894363,0.008941606540591972,0.6231732734654616
country_b17.5_g1.4_c400,0.6225016949296942,0.16271772882129812,0.6948527692009587,0.4142000675691601,0.008736974134432519,0.628756233725368
country_b10_g1.6_c300,0.6225092478624676,0.16281447250894782,0.6865426787299413,0.416954863256197,0.009863618372026445,0.6267061332699905
country_b10_g1.8_c220,0.6225253492705938,0.1627942284706758,0.6866813211884216,0.42177406674018547,0.009732635925396435,0.6247657112924901
country_b17.5_g2.6_c240,0.6225345795775046,0.16283806689049085,0.6854424626089782,0.4191247528864643,0.008844505130544857,0.6232727803168269
country_b15_g1.4_c240,0.622544026161278,0.16275155911837214,0.6865857607886278,0.4233665509869574,0.008754996029575877,0.6249068278550606
country_b20_g1.6_c240,0.6225452845164229,0.16277774921124014,0.6848263278267532,0.4233487668310886,0.008646721951667326,0.6239117497787394
country_b12.5_g1.4_c320,0.6225459881035911,0.16279833382023157,0.686498482493052,0.41483411241326457,0.00912328916780494,0.6269984450396865
country_b20_g2.0_c240,0.6225693580493691,0.16282278100089095,0.6843928347792386,0.42115782039343896,0.008694935296169366,0.623345584303152
country_b17.5_g1.4_c240,0.6226237998690202,0.16279296530366213,0.6868122863690674,0.4235408486905585,0.008722144684027506,0.6247546543878618
country_b15_g1.6_c220,0.6226514226164636,0.1628164075142032,0.6851489084719146,0.4236888883134291,0.008847484545902822,0.6244164921932186
country_b20_g2.6_c260,0.6226527511929617,0.16289584284912156,0.6843396639072323,0.417763059844154,0.00856846804322448,0.6228710347368864
country_b12.5_g1.6_c220,0.6226654534949473,0.16283068841468365,0.6864345458690302,0.4225357090093697,0.009099251125680526,0.6246644308588288
country_b10_g1.6_c240,0.6227062664879932,0.1628713352862355,0.6830777742367715,0.4199728419502422,0.009654963275256742,0.6255196540574409
country_b17.5_g1.8_c220,0.6228063131401779,0.16291349115225243,0.6830624075473204,0.42237830454522435,0.008883860542323499,0.6240983094376644
country_b20_g2.2_c240,0.622807407578586,0.16294647186585764,0.6858386617310687,0.4207437517418933,0.008710086845434674,0.6233347984242732
country_b17.5_g2.0_c220,0.6228132857555378,0.16293205625340945,0.682248576732094,0.42083356513903736,0.008911377973023236,0.6238756148771674
country_b12.5_g1.4_c240,0.6228398444300781,0.16290012196878229,0.684690875328549,0.42071873074244637,0.009012953237240572,0.6254397009971039
country_b10_g1.6_c320,0.6228557092600998,0.1629818732433549,0.6867870546476296,0.4140071991191083,0.00998321146775431,0.6276177900235713
country_b10_g2.2_c400,0.6228671166542726,0.16294562554388217,0.6901389432303876,0.4139449880047363,0.01103076159133488,0.6296920277586472
country_b10_g1.8_c360,0.6228855949918654,0.16300103372901414,0.6873611947286974,0.41364006401491715,0.01041800792952349,0.6286887301898412
country_b20_g1.4_c240,0.6228942126405704,0.16291929312067518,0.685860702586919,0.423741743024133,0.008612495889943384,0.6246063710160542
country_b17.5_g2.2_c220,0.6229485846324705,0.16300784997639942,0.6844061977989285,0.42043413988618766,0.00893160968307173,0.6238072975969348
country_b12.5_g1.4_c340,0.6229567072965195,0.16299172160974057,0.6888293593353343,0.4125279707174232,0.009215725427593927,0.6279995259377052
country_b17.5_g1.6_c220,0.6229782349673184,0.16297558578974247,0.6834648851038678,0.4227528149550575,0.008848157245991976,0.6245280752167661
country_b20_g2.4_c240,0.6231367798546262,0.1631102367659776,0.6843439533588196,0.41938075525737584,0.008720304494756954,0.6234426656668632
country_b17.5_g2.4_c220,0.623175258674586,0.16312388476156756,0.6833629473366314,0.41994842466355253,0.008945511711917143,0.6238540916600172
country_b10_g1.6_c220,0.6231907202643234,0.1630848599439913,0.6818035108764762,0.4209017774439439,0.009628286991484516,0.6256480985475811
country_b15_g1.4_c220,0.6232292129583188,0.1630662317056204,0.6874619349769485,0.42300277426199046,0.00880566407492103,0.6252771658572992
country_b17.5_g1.4_c220,0.6233991408048349,0.1631510741452733,0.6849018363535666,0.42320588489353295,0.008803541165206888,0.625236599180718
country_b10_g1.6_c340,0.623404109196126,0.16323711581006542,0.6867249091405062,0.41221813488631354,0.010131711962214905,0.6287824582091608
country_b12.5_g1.4_c220,0.6234067956565713,0.16315586639664964,0.6851512089406324,0.42127775529264266,0.009037038453016172,0.6256724261662686
country_b20_g1.8_c220,0.6234371131565843,0.16320945171832296,0.6823284736434801,0.4216674231231484,0.00880672525468907,0.6243336672185238
country_b17.5_g2.6_c220,0.6234660304810326,0.163267716907405,0.6823285725764657,0.41740343743964925,0.008954018280224473,0.6239864200451273
country_b20_g1.6_c220,0.6234752067062337,0.16320926158196108,0.6833848892594961,0.4225562457007221,0.008772794668145487,0.62465828172118
country_b20_g2.6_c240,0.6235278631304358,0.16330056323525294,0.6851402306357542,0.4174342545485242,0.008726393954444259,0.623636892337431
country_b10_g1.4_c260,0.6235494193410235,0.1632555552228793,0.6831312419077344,0.4166841669704384,0.009578972174378725,0.6270120698437095
country_b12.5_g1.4_c360,0.6235563284539392,0.16326646326275446,0.6862024300212994,0.4114407019567955,0.009339929013842927,0.6292391984646188
country_b20_g2.0_c220,0.6235681070571863,0.16328553352505173,0.6816033165087858,0.4199835224856867,0.00883354791803729,0.6242093928312563
country_b12.5_g1.6_c400,0.6235775403513261,0.1632465476852725,0.6899275717865363,0.4121613149969777,0.00970377763616397,0.6303670079809542
country_b10_g1.4_c280,0.6235923821073514,0.16328808836787503,0.6824904690019848,0.4144006695906286,0.00964624678800414,0.6275194634589061
country_b15_g1.4_c400,0.623592572234846,0.16321862669100598,0.6898387991730187,0.4122526531548647,0.009154522262253485,0.6302961765058033
country_b10_g2.0_c400,0.623662785633158,0.1633125368170667,0.6878969379346085,0.4132235025806958,0.010958156747139727,0.6307120448666427
country_b10_g1.4_c240,0.6237204750568882,0.16332238294883,0.6828219253492775,0.4181273570535734,0.009534707205773051,0.626770081217124
country_b20_g1.4_c220,0.6237536318342976,0.16331818668344067,0.6833804019419376,0.4229255542020735,0.008731080741982134,0.6252566295916285
country_b20_g2.2_c220,0.6238172839348141,0.1634139677891266,0.6833007028965226,0.4196357398867062,0.008854114984654708,0.6242319432059338
country_b10_g1.4_c300,0.6238474074542683,0.1634174920736868,0.6822476863352241,0.4121460115938385,0.009738710465586532,0.6282899745092932
country_b10_g1.4_c220,0.6241071539019309,0.16349049699324592,0.6805044115266852,0.41866376817374457,0.009511470584351775,0.6267952785909807
country_b20_g2.4_c220,0.6241478514953821,0.16357788404514778,0.6845084323651216,0.4179090191830974,0.008869330105097536,0.6243617994030911
country_b10_g1.6_c360,0.6241515299410656,0.16357637216349413,0.6843495392623778,0.41021741716742,0.01031144424013859,0.6301964400356925
country_b10_g1.4_c320,0.6243122050072323,0.16364075539330147,0.6824076780239676,0.4116428479543549,0.009858660876342398,0.6293208287461112
country_b20_g2.6_c220,0.6245329879097575,0.16376508662256564,0.6818547770117069,0.4155835274994577,0.008880068837327596,0.6245694952615649
country_b10_g1.8_c400,0.6247543613159525,0.16381377486199006,0.6863977422448009,0.4097924393966186,0.010872658823482694,0.6320386276705794
country_b10_g1.4_c340,0.624984169003739,0.16395439730504013,0.6853617742337077,0.4082527939066159,0.010008422857769702,0.6306087892116293
country_b12.5_g1.4_c400,0.6253106196352627,0.16404474079078454,0.6880659042584688,0.4077390297807581,0.00969481690371001,0.6324191998600146
country_b10_g1.4_c360,0.6258603993659376,0.16435452232924172,0.6822540637026667,0.40549016477149447,0.01019025181037775,0.6321501839138964
country_b10_g1.6_c400,0.6262304767203325,0.164489990668318,0.6842977793675312,0.4057774318146453,0.01077311855932714,0.6337556153315091
country_b10_g1.4_c400,0.6282127249616216,0.1653969259673092,0.6789464702897836,0.39945159095115457,0.010658222184057313,0.6359766006453608
