candidate,ranking_score,pairwise_accuracy,top_quartile_precision,rank_percentile_mae,zero_exposure_rank_mae,zero_exposure_extreme_overrank_count,pilot_guardrails_pass,pilot_guardrail_violations,pilot_top_team,pilot_top_rating,ratings,reference_band_share,median_rating,p90_rating,minimum_rating,maximum_rating,exact_500_or_2000_count,elite_duplicate_rating_count,distribution_guardrails_pass,historical_zero_guardrail_pass,all_competition_spearman_not_worse,all_competition_pairwise_not_worse,eligible,ucl_matches,ucl_brier,clubelo_team_seasons,clubelo_rank_correlation,elite_cap_matches,elite_mean_rating_gap,ucl_brier_delta,clubelo_rank_correlation_delta,elite_mean_rating_gap_delta,external_gate_pass,final_eligible
c0_e0_x0,0.42032128885057807,0.6630730861282488,0.4066060731096033,0.2443110291163091,0.19376120957101028,47,True,,Arsenal,1992.8698752228167,1887,1.0,1075.827613869686,1747.6534859063288,651.4949936787367,1996.0881679884412,0,0,True,True,True,True,True,171,0.17553119940325376,78,0.835480974721481,14,8.032197307848053,0.0,0.0,0.0,True,True
c0p25_e0_x0,0.42032128885057807,0.6630730861282488,0.4066060731096033,0.2443110291163091,0.19376120957101028,47,True,,Arsenal,1992.9792048595345,1887,1.0,1075.827613869686,1747.6534859063288,651.4949936787367,1996.0881679884412,0,0,True,True,True,True,True,171,0.17553119940325376,78,0.835480974721481,14,8.032197307848053,0.0,0.0,0.0,False,False
c0p5_e0_x0,0.42032128885057807,0.6630730861282488,0.4066060731096033,0.2443110291163091,0.19376120957101028,47,True,,Arsenal,1993.0885117889532,1887,1.0,1075.827613869686,1747.6534859063288,651.4949936787367,1996.0881679884412,0,0,True,True,True,True,True,171,0.17553119940325376,78,0.835480974721481,14,8.032197307848053,0.0,0.0,0.0,False,False
c0p75_e0_x0,0.42032128885057807,0.6630730861282488,0.4066060731096033,0.2443110291163091,0.19376120957101028,47,True,,Arsenal,1993.1977960393401,1887,1.0,1075.827613869686,1747.6534859063288,651.4949936787367,1996.0881679884412,0,0,True,True,True,True,True,171,0.17553119940325376,78,0.835480974721481,14,8.032197307848053,0.0,0.0,0.0,False,False
c1_e0_x0,0.42032128885057807,0.6630730861282488,0.4066060731096033,0.2443110291163091,0.19376120957101028,47,True,,Arsenal,1993.307057638899,1887,1.0,1075.827613869686,1747.6534859063288,651.4949936787367,1996.0881679884412,0,0,True,True,True,True,True,171,0.17553119940325376,78,0.835480974721481,14,8.032197307848053,0.0,0.0,0.0,False,False
c0_e0p25_x0,0.4202170684727476,0.6629404878173824,0.4066060731096033,0.24442059014018427,0.19376120957101028,47,True,,Arsenal,2038.21342697111,1887,0.9867514573396926,1075.827613869686,1747.6534859063288,651.4949936787367,2039.117211148384,0,0,True,True,False,False,False,171,0.17515436312947916,78,0.834798113279126,14,11.741591306728262,-0.0003768362737746056,-0.000682861442354965,3.709393998880209,False,False
c0p25_e0p25_x0,0.4202170684727476,0.6629404878173824,0.4066060731096033,0.24442059014018427,0.19376120957101028,47,True,,Arsenal,2038.322756607828,1887,0.9867514573396926,1075.827613869686,1747.6534859063288,651.4949936787367,2039.117211148384,0,0,True,True,False,False,False,171,0.17515436312947916,78,0.834798113279126,14,11.741591306728262,-0.0003768362737746056,-0.000682861442354965,3.709393998880209,False,False
c0p5_e0p25_x0,0.4202170684727476,0.6629404878173824,0.4066060731096033,0.24442059014018427,0.19376120957101028,47,True,,Arsenal,2038.4320635372464,1887,0.9867514573396926,1075.827613869686,1747.6534859063288,651.4949936787367,2039.117211148384,0,0,True,True,False,False,False,171,0.17515436312947916,78,0.834798113279126,14,11.741591306728262,-0.0003768362737746056,-0.000682861442354965,3.709393998880209,False,False
c0p75_e0p25_x0,0.4202170684727476,0.6629404878173824,0.4066060731096033,0.24442059014018427,0.19376120957101028,47,True,,Arsenal,2038.5413477876336,1887,0.9867514573396926,1075.827613869686,1747.6534859063288,651.4949936787367,2039.117211148384,0,0,True,True,False,False,False,171,0.17515436312947916,78,0.834798113279126,14,11.741591306728262,-0.0003768362737746056,-0.000682861442354965,3.709393998880209,False,False
c1_e0p25_x0,0.4202170684727476,0.6629404878173824,0.4066060731096033,0.24442059014018427,0.19376120957101028,47,True,,Arsenal,2038.6506093871926,1887,0.9867514573396926,1075.827613869686,1747.6534859063288,651.4949936787367,2039.117211148384,0,0,True,True,False,False,False,171,0.17515436312947916,78,0.834798113279126,14,11.741591306728262,-0.0003768362737746056,-0.000682861442354965,3.709393998880209,False,False
c0_e0p5_x0,0.4200694611560523,0.6628419441922689,0.4066060731096033,0.2444522336772073,0.19376120957101028,47,True,,Arsenal,2083.5569787194036,1887,0.9772125066242713,1075.827613869686,1747.6534859063288,651.4949936787367,2082.1462543083276,0,0,True,True,False,False,False,171,0.17497842284586135,78,0.8345704927983408,14,16.077272295857824,-0.0005527765573924148,-0.0009104819231401384,8.045074988009771,False,False
c0p25_e0p5_x0,0.4200694611560523,0.6628419441922689,0.4066060731096033,0.2444522336772073,0.19376120957101028,47,True,,Arsenal,2083.666308356121,1887,0.9772125066242713,1075.827613869686,1747.6534859063288,651.4949936787367,2082.1462543083276,0,0,True,True,False,False,False,171,0.17497842284586135,78,0.8345704927983408,14,16.077272295857824,-0.0005527765573924148,-0.0009104819231401384,8.045074988009771,False,False
c0p5_e0p5_x0,0.4200694611560523,0.6628419441922689,0.4066060731096033,0.2444522336772073,0.19376120957101028,47,True,,Arsenal,2083.77561528554,1887,0.9772125066242713,1075.827613869686,1747.6534859063288,651.4949936787367,2082.1462543083276,0,0,True,True,False,False,False,171,0.17497842284586135,78,0.8345704927983408,14,16.077272295857824,-0.0005527765573924148,-0.0009104819231401384,8.045074988009771,False,False
c0p75_e0p5_x0,0.4200694611560523,0.6628419441922689,0.4066060731096033,0.2444522336772073,0.19376120957101028,47,True,,Arsenal,2083.884899535927,1887,0.9772125066242713,1075.827613869686,1747.6534859063288,651.4949936787367,2082.1462543083276,0,0,True,True,False,False,False,171,0.17497842284586135,78,0.8345704927983408,14,16.077272295857824,-0.0005527765573924148,-0.0009104819231401384,8.045074988009771,False,False
c1_e0p5_x0,0.4200694611560523,0.6628419441922689,0.4066060731096033,0.2444522336772073,0.19376120957101028,47,True,,Arsenal,2083.994161135486,1887,0.9772125066242713,1075.827613869686,1747.6534859063288,651.4949936787367,2082.1462543083276,0,0,True,True,False,False,False,171,0.17497842284586135,78,0.8345704927983408,14,16.077272295857824,-0.0005527765573924148,-0.0009104819231401384,8.045074988009771,False,False
c0_e0p75_x0,0.4200578971907497,0.6628416408465394,0.4066060731096033,0.2444522336772073,0.19376120957101028,47,True,,Arsenal,2128.9005304676966,1887,0.972972972972973,1075.827613869686,1747.6534859063288,651.4949936787367,2125.1752974682704,0,0,True,True,False,False,False,171,0.17498904539870797,78,0.8330024405973773,14,22.21378748780855,-0.0005421540045457973,-0.002478534124103704,14.181590179960496,False,False
c0p25_e0p75_x0,0.4200578971907497,0.6628416408465394,0.4066060731096033,0.2444522336772073,0.19376120957101028,47,True,,Arsenal,2129.0098601044147,1887,0.972972972972973,1075.827613869686,1747.6534859063288,651.4949936787367,2125.1752974682704,0,0,True,True,False,False,False,171,0.17498904539870797,78,0.8330024405973773,14,22.21378748780855,-0.0005421540045457973,-0.002478534124103704,14.181590179960496,False,False
c0p5_e0p75_x0,0.4200578971907497,0.6628416408465394,0.4066060731096033,0.2444522336772073,0.19376120957101028,47,True,,Arsenal,2129.119167033833,1887,0.972972972972973,1075.827613869686,1747.6534859063288,651.4949936787367,2125.1752974682704,0,0,True,True,False,False,False,171,0.17498904539870797,78,0.8330024405973773,14,22.21378748780855,-0.0005421540045457973,-0.002478534124103704,14.181590179960496,False,False
c0p75_e0p75_x0,0.4200578971907497,0.6628416408465394,0.4066060731096033,0.2444522336772073,0.19376120957101028,47,True,,Arsenal,2129.2284512842202,1887,0.972972972972973,1075.827613869686,1747.6534859063288,651.4949936787367,2125.1752974682704,0,0,True,True,False,False,False,171,0.17498904539870797,78,0.8330024405973773,14,22.21378748780855,-0.0005421540045457973,-0.002478534124103704,14.181590179960496,False,False
c1_e0p75_x0,0.4200578971907497,0.6628416408465394,0.4066060731096033,0.2444522336772073,0.19376120957101028,47,True,,Arsenal,2129.337712883779,1887,0.972972972972973,1075.827613869686,1747.6534859063288,651.4949936787367,2125.1752974682704,0,0,True,True,False,False,False,171,0.17498904539870797,78,0.8330024405973773,14,22.21378748780855,-0.0005421540045457973,-0.002478534124103704,14.181590179960496,False,False
c0_e1_x0,0.4200444040630821,0.6628572087130002,0.4066060731096033,0.24444534792252648,0.19376120957101028,47,True,,Arsenal,2174.2440822159897,1887,0.9703232644409115,1075.827613869686,1747.6534859063288,651.4949936787367,2168.5922157395303,0,0,True,True,False,False,False,171,0.17517085513087813,78,0.8330277317619089,14,28.49401689756964,-0.0003603442723756345,-0.002453242959572055,20.461819589721586,False,False
c0p25_e1_x0,0.4200444040630821,0.6628572087130002,0.4066060731096033,0.24444534792252648,0.19376120957101028,47,True,,Arsenal,2174.3534118527077,1887,0.9703232644409115,1075.827613869686,1747.6534859063288,651.4949936787367,2168.5922157395303,0,0,True,True,False,False,False,171,0.17517085513087813,78,0.8330277317619089,14,28.49401689756964,-0.0003603442723756345,-0.002453242959572055,20.461819589721586,False,False
c0p5_e1_x0,0.4200444040630821,0.6628572087130002,0.4066060731096033,0.24444534792252648,0.19376120957101028,47,True,,Arsenal,2174.462718782126,1887,0.9703232644409115,1075.827613869686,1747.6534859063288,651.4949936787367,2168.5922157395303,0,0,True,True,False,False,False,171,0.17517085513087813,78,0.8330277317619089,14,28.49401689756964,-0.0003603442723756345,-0.002453242959572055,20.461819589721586,False,False
c0p75_e1_x0,0.4200444040630821,0.6628572087130002,0.4066060731096033,0.24444534792252648,0.19376120957101028,47,True,,Arsenal,2174.5720030325133,1887,0.9703232644409115,1075.827613869686,1747.6534859063288,651.4949936787367,2168.5922157395303,0,0,True,True,False,False,False,171,0.17517085513087813,78,0.8330277317619089,14,28.49401689756964,-0.0003603442723756345,-0.002453242959572055,20.461819589721586,False,False
c1_e1_x0,0.4200444040630821,0.6628572087130002,0.4066060731096033,0.24444534792252648,0.19376120957101028,47,True,,Arsenal,2174.6812646320723,1887,0.9703232644409115,1075.827613869686,1747.6534859063288,651.4949936787367,2168.5922157395303,0,0,True,True,False,False,False,171,0.17517085513087813,78,0.8330277317619089,14,28.49401689756964,-0.0003603442723756345,-0.002453242959572055,20.461819589721586,False,False
c0_e1_x0p333333,0.419858415524467,0.6628023428760441,0.4096064602563319,0.24446874686795578,0.1934441176740361,47,True,,Arsenal,2191.8177947110817,1887,0.9618441971383148,1076.5635231649287,1764.46819103107,651.4949936787367,2210.978156540731,0,0,True,True,False,False,False,171,0.17701661107817726,78,0.8210144286093652,14,32.41503900511959,0.001485411674923498,-0.01446654611211573,24.382841697271537,False,False
c0p25_e1_x0p333333,0.419858415524467,0.6628023428760441,0.4096064602563319,0.24446874686795578,0.1934441176740361,47,True,,Arsenal,2191.9076879679387,1887,0.9618441971383148,1076.5635231649287,1764.46819103107,651.4949936787367,2210.978156540731,0,0,True,True,False,False,False,171,0.17701661107817726,78,0.8210144286093652,14,32.41503900511959,0.001485411674923498,-0.01446654611211573,24.382841697271537,False,False
c0p5_e1_x0p333333,0.419858415524467,0.6628023428760441,0.4096064602563319,0.24446874686795578,0.1934441176740361,47,True,,Arsenal,2191.9975625543493,1887,0.9618441971383148,1076.5635231649287,1764.46819103107,651.4949936787367,2210.978156540731,0,0,True,True,False,False,False,171,0.17701661107817726,78,0.8210144286093652,14,32.41503900511959,0.001485411674923498,-0.01446654611211573,24.382841697271537,False,False
c0p75_e1_x0p333333,0.419858415524467,0.6628023428760441,0.4096064602563319,0.24446874686795578,0.1934441176740361,47,True,,Arsenal,2192.0874184935565,1887,0.9618441971383148,1076.5635231649287,1764.46819103107,651.4949936787367,2210.978156540731,0,0,True,True,False,False,False,171,0.17701661107817726,78,0.8210144286093652,14,32.41503900511959,0.001485411674923498,-0.01446654611211573,24.382841697271537,False,False
c1_e1_x0p333333,0.419858415524467,0.6628023428760441,0.4096064602563319,0.24446874686795578,0.1934441176740361,47,True,,Arsenal,2192.1772558087496,1887,0.9618441971383148,1076.5635231649287,1764.46819103107,651.4949936787367,2210.978156540731,0,0,True,True,False,False,False,171,0.17701661107817726,78,0.8210144286093652,14,32.41503900511959,0.001485411674923498,-0.01446654611211573,24.382841697271537,False,False
c0_e0p75_x0p333333,0.4198421034085519,0.6628030993127868,0.4096064602563319,0.2444683677505982,0.1934441176740361,47,True,,Arsenal,2145.0517001628423,1887,0.9623741388447271,1076.5635231649287,1764.46819103107,651.4949936787367,2157.870226835532,0,0,True,True,False,False,False,171,0.17672828687818,78,0.8214190872418718,14,25.737923076419438,0.0011970874749262506,-0.014061887479609125,17.705725768571384,False,False
c0p25_e0p75_x0p333333,0.4198421034085519,0.6628030993127868,0.4096064602563319,0.2444683677505982,0.1934441176740361,47,True,,Arsenal,2145.1415934196993,1887,0.9623741388447271,1076.5635231649287,1764.46819103107,651.4949936787367,2157.870226835532,0,0,True,True,False,False,False,171,0.17672828687818,78,0.8214190872418718,14,25.737923076419438,0.0011970874749262506,-0.014061887479609125,17.705725768571384,False,False
c0p5_e0p75_x0p333333,0.4198421034085519,0.6628030993127868,0.4096064602563319,0.2444683677505982,0.1934441176740361,47,True,,Arsenal,2145.23146800611,1887,0.9623741388447271,1076.5635231649287,1764.46819103107,651.4949936787367,2157.870226835532,0,0,True,True,False,False,False,171,0.17672828687818,78,0.8214190872418718,14,25.737923076419438,0.0011970874749262506,-0.014061887479609125,17.705725768571384,False,False
c0p75_e0p75_x0p333333,0.4198421034085519,0.6628030993127868,0.4096064602563319,0.2444683677505982,0.1934441176740361,47,True,,Arsenal,2145.321323945317,1887,0.9623741388447271,1076.5635231649287,1764.46819103107,651.4949936787367,2157.870226835532,0,0,True,True,False,False,False,171,0.17672828687818,78,0.8214190872418718,14,25.737923076419438,0.0011970874749262506,-0.014061887479609125,17.705725768571384,False,False
c1_e0p75_x0p333333,0.4198421034085519,0.6628030993127868,0.4096064602563319,0.2444683677505982,0.1934441176740361,47,True,,Arsenal,2145.41116126051,1887,0.9623741388447271,1076.5635231649287,1764.46819103107,651.4949936787367,2157.870226835532,0,0,True,True,False,False,False,171,0.17672828687818,78,0.8214190872418718,14,25.737923076419438,0.0011970874749262506,-0.014061887479609125,17.705725768571384,False,False
c0_e0_x0p333333,0.4196888998213951,0.6628222797201092,0.4096064602563319,0.24444259833785636,0.1934441176740361,47,True,,Arsenal,2004.7534165181228,1887,0.9809220985691574,1076.5635231649287,1764.46819103107,651.4949936787367,2017.2970436619319,0,0,True,True,False,False,False,171,0.1770101329107531,78,0.8153239165897394,14,11.89070954624583,0.001478933507499336,-0.020157058131741623,3.8585122383977772,False,False
c0p25_e0_x0p333333,0.4196888998213951,0.6628222797201092,0.4096064602563319,0.24444259833785636,0.1934441176740361,47,True,,Arsenal,2004.8433097749796,1887,0.9809220985691574,1076.5635231649287,1764.46819103107,651.4949936787367,2017.2970436619319,0,0,True,True,False,False,False,171,0.1770101329107531,78,0.8153239165897394,14,11.89070954624583,0.001478933507499336,-0.020157058131741623,3.8585122383977772,False,False
c0p5_e0_x0p333333,0.4196888998213951,0.6628222797201092,0.4096064602563319,0.24444259833785636,0.1934441176740361,47,True,,Arsenal,2004.9331843613904,1887,0.9809220985691574,1076.5635231649287,1764.46819103107,651.4949936787367,2017.2970436619319,0,0,True,True,False,False,False,171,0.1770101329107531,78,0.8153239165897394,14,11.89070954624583,0.001478933507499336,-0.020157058131741623,3.8585122383977772,False,False
c0p75_e0_x0p333333,0.4196888998213951,0.6628222797201092,0.4096064602563319,0.24444259833785636,0.1934441176740361,47,True,,Arsenal,2005.0230403005976,1887,0.9809220985691574,1076.5635231649287,1764.46819103107,651.4949936787367,2017.2970436619319,0,0,True,True,False,False,False,171,0.1770101329107531,78,0.8153239165897394,14,11.89070954624583,0.001478933507499336,-0.020157058131741623,3.8585122383977772,False,False
c1_e0_x0p333333,0.4196888998213951,0.6628222797201092,0.4096064602563319,0.24444259833785636,0.1934441176740361,47,True,,Arsenal,2005.1128776157905,1887,0.9809220985691574,1076.5635231649287,1764.46819103107,651.4949936787367,2017.2970436619319,0,0,True,True,False,False,False,171,0.1770101329107531,78,0.8153239165897394,14,11.89070954624583,0.001478933507499336,-0.020157058131741623,3.8585122383977772,False,False
c0_e0p25_x0p333333,0.41967173154008314,0.6627036759112452,0.4096064602563319,0.244526065069427,0.1934441176740361,47,True,,Arsenal,2051.5195110663626,1887,0.9687334393216747,1076.5635231649287,1764.46819103107,651.4949936787367,2062.8572070077535,0,0,True,True,False,False,False,171,0.17670708972648164,78,0.8201545290152884,14,14.050310011123656,0.001175890323227874,-0.01532644570619257,6.018112703275603,False,False
c0p25_e0p25_x0p333333,0.41967173154008314,0.6627036759112452,0.4096064602563319,0.244526065069427,0.1934441176740361,47,True,,Arsenal,2051.6094043232197,1887,0.9687334393216747,1076.5635231649287,1764.46819103107,651.4949936787367,2062.8572070077535,0,0,True,True,False,False,False,171,0.17670708972648164,78,0.8201545290152884,14,14.050310011123656,0.001175890323227874,-0.01532644570619257,6.018112703275603,False,False
c0p5_e0p25_x0p333333,0.41967173154008314,0.6627036759112452,0.4096064602563319,0.244526065069427,0.1934441176740361,47,True,,Arsenal,2051.6992789096303,1887,0.9687334393216747,1076.5635231649287,1764.46819103107,651.4949936787367,2062.8572070077535,0,0,True,True,False,False,False,171,0.17670708972648164,78,0.8201545290152884,14,14.050310011123656,0.001175890323227874,-0.01532644570619257,6.018112703275603,False,False
c0p75_e0p25_x0p333333,0.41967173154008314,0.6627036759112452,0.4096064602563319,0.244526065069427,0.1934441176740361,47,True,,Arsenal,2051.7891348488374,1887,0.9687334393216747,1076.5635231649287,1764.46819103107,651.4949936787367,2062.8572070077535,0,0,True,True,False,False,False,171,0.17670708972648164,78,0.8201545290152884,14,14.050310011123656,0.001175890323227874,-0.01532644570619257,6.018112703275603,False,False
c1_e0p25_x0p333333,0.41967173154008314,0.6627036759112452,0.4096064602563319,0.244526065069427,0.1934441176740361,47,True,,Arsenal,2051.8789721640305,1887,0.9687334393216747,1076.5635231649287,1764.46819103107,651.4949936787367,2062.8572070077535,0,0,True,True,False,False,False,171,0.17670708972648164,78,0.8201545290152884,14,14.050310011123656,0.001175890323227874,-0.01532644570619257,6.018112703275603,False,False
c0_e0p5_x0p333333,0.41961006801058287,0.6626710460313993,0.4096064602563319,0.24451302456226778,0.1934441176740361,47,True,,Arsenal,2098.2856056146024,1887,0.9634340222575517,1076.5635231649287,1764.46819103107,651.4949936787367,2108.417370353576,0,0,True,True,False,False,False,171,0.17661895251347925,78,0.8203568583315418,14,19.52458574709848,0.0010877531102254923,-0.015124116389939157,11.492388439250428,False,False
c0p25_e0p5_x0p333333,0.41961006801058287,0.6626710460313993,0.4096064602563319,0.24451302456226778,0.1934441176740361,47,True,,Arsenal,2098.375498871459,1887,0.9634340222575517,1076.5635231649287,1764.46819103107,651.4949936787367,2108.417370353576,0,0,True,True,False,False,False,171,0.17661895251347925,78,0.8203568583315418,14,19.52458574709848,0.0010877531102254923,-0.015124116389939157,11.492388439250428,False,False
c0p5_e0p5_x0p333333,0.41961006801058287,0.6626710460313993,0.4096064602563319,0.24451302456226778,0.1934441176740361,47,True,,Arsenal,2098.46537345787,1887,0.9634340222575517,1076.5635231649287,1764.46819103107,651.4949936787367,2108.417370353576,0,0,True,True,False,False,False,171,0.17661895251347925,78,0.8203568583315418,14,19.52458574709848,0.0010877531102254923,-0.015124116389939157,11.492388439250428,False,False
c0p75_e0p5_x0p333333,0.41961006801058287,0.6626710460313993,0.4096064602563319,0.24451302456226778,0.1934441176740361,47,True,,Arsenal,2098.5552293970773,1887,0.9634340222575517,1076.5635231649287,1764.46819103107,651.4949936787367,2108.417370353576,0,0,True,True,False,False,False,171,0.17661895251347925,78,0.8203568583315418,14,19.52458574709848,0.0010877531102254923,-0.015124116389939157,11.492388439250428,False,False
c1_e0p5_x0p333333,0.41961006801058287,0.6626710460313993,0.4096064602563319,0.24451302456226778,0.1934441176740361,47,True,,Arsenal,2098.6450667122704,1887,0.9634340222575517,1076.5635231649287,1764.46819103107,651.4949936787367,2108.417370353576,0,0,True,True,False,False,False,171,0.17661895251347925,78,0.8203568583315418,14,19.52458574709848,0.0010877531102254923,-0.015124116389939157,11.492388439250428,False,False
c0_e1_x0p666667,0.4191616466320222,0.662348713696299,0.40853938708560017,0.24469967478900023,0.19346967517857025,47,True,,Arsenal,2209.3915072061736,1887,0.9591944886062533,1077.1628179417426,1781.7458568270888,651.4949936787367,2253.364097341932,0,0,True,True,False,False,False,171,0.1790150524076675,78,0.8093046194312016,14,38.66023424510711,0.0034838530044137284,-0.026176355290279396,30.62803693725906,False,False
c0p25_e1_x0p666667,0.4191616466320222,0.662348713696299,0.40853938708560017,0.24469967478900023,0.19346967517857025,47,True,,Arsenal,2209.4619640831697,1887,0.9591944886062533,1077.1628179417426,1781.7458568270888,651.4949936787367,2253.364097341932,0,0,True,True,False,False,False,171,0.1790150524076675,78,0.8093046194312016,14,38.66023424510711,0.0034838530044137284,-0.026176355290279396,30.62803693725906,False,False
c0p5_e1_x0p666667,0.4191616466320222,0.662348713696299,0.40853938708560017,0.24469967478900023,0.19346967517857025,47,True,,Arsenal,2209.5324063265725,1887,0.9591944886062533,1077.1628179417426,1781.7458568270888,651.4949936787367,2253.364097341932,0,0,True,True,False,False,False,171,0.1790150524076675,78,0.8093046194312016,14,38.66023424510711,0.0034838530044137284,-0.026176355290279396,30.62803693725906,False,False
c0p75_e1_x0p666667,0.4191616466320222,0.662348713696299,0.40853938708560017,0.24469967478900023,0.19346967517857025,47,True,,Arsenal,2209.6028339545996,1887,0.9591944886062533,1077.1628179417426,1781.7458568270888,651.4949936787367,2253.364097341932,0,0,True,True,False,False,False,171,0.1790150524076675,78,0.8093046194312016,14,38.66023424510711,0.0034838530044137284,-0.026176355290279396,30.62803693725906,False,False
c1_e1_x0p666667,0.4191616466320222,0.662348713696299,0.40853938708560017,0.24469967478900023,0.19346967517857025,47,True,,Arsenal,2209.673246985427,1887,0.9591944886062533,1077.1628179417426,1781.7458568270888,651.4949936787367,2253.364097341932,0,0,True,True,False,False,False,171,0.1790150524076675,78,0.8093046194312016,14,38.66023424510711,0.0034838530044137284,-0.026176355290279396,30.62803693725906,False,False
c0_e0p75_x0p666667,0.4190168908521235,0.6622840545911427,0.40853938708560017,0.244729098763444,0.19346967517857025,47,True,,Arsenal,2161.2028698579875,1887,0.9591944886062533,1077.1628179417426,1781.7458568270888,651.4949936787367,2197.3057270975546,0,0,True,True,False,False,False,171,0.17862107226540458,78,0.8081412258627448,14,32.93163260175879,0.0030898728621508165,-0.027339748858736135,24.89943529391074,False,False
c0p25_e0p75_x0p666667,0.4190168908521235,0.6622840545911427,0.40853938708560017,0.244729098763444,0.19346967517857025,47,True,,Arsenal,2161.2733267349836,1887,0.9591944886062533,1077.1628179417426,1781.7458568270888,651.4949936787367,2197.3057270975546,0,0,True,True,False,False,False,171,0.17862107226540458,78,0.8081412258627448,14,32.93163260175879,0.0030898728621508165,-0.027339748858736135,24.89943529391074,False,False
c0p5_e0p75_x0p666667,0.4190168908521235,0.6622840545911427,0.40853938708560017,0.244729098763444,0.19346967517857025,47,True,,Arsenal,2161.343768978387,1887,0.9591944886062533,1077.1628179417426,1781.7458568270888,651.4949936787367,2197.3057270975546,0,0,True,True,False,False,False,171,0.17862107226540458,78,0.8081412258627448,14,32.93163260175879,0.0030898728621508165,-0.027339748858736135,24.89943529391074,False,False
c0p75_e0p75_x0p666667,0.4190168908521235,0.6622840545911427,0.40853938708560017,0.244729098763444,0.19346967517857025,47,True,,Arsenal,2161.414196606414,1887,0.9591944886062533,1077.1628179417426,1781.7458568270888,651.4949936787367,2197.3057270975546,0,0,True,True,False,False,False,171,0.17862107226540458,78,0.8081412258627448,14,32.93163260175879,0.0030898728621508165,-0.027339748858736135,24.89943529391074,False,False
c1_e0p75_x0p666667,0.4190168908521235,0.6622840545911427,0.40853938708560017,0.244729098763444,0.19346967517857025,47,True,,Arsenal,2161.4846096372407,1887,0.9591944886062533,1077.1628179417426,1781.7458568270888,651.4949936787367,2197.3057270975546,0,0,True,True,False,False,False,171,0.17862107226540458,78,0.8081412258627448,14,32.93163260175879,0.0030898728621508165,-0.027339748858736135,24.89943529391074,False,False
c0_e0p5_x0p666667,0.4189763804007845,0.6622674972032362,0.40853938708560017,0.24474397971582496,0.19346967517857025,47,True,,Arsenal,2113.0142325098013,1887,0.9591944886062533,1077.1628179417426,1781.7458568270888,651.4949936787367,2141.2473568531777,0,0,True,True,False,False,False,171,0.17841227578255517,78,0.8075848202430479,14,27.2030309584108,0.002881076379301406,-0.027896154478433077,19.17083365056275,False,False
c0p25_e0p5_x0p666667,0.4189763804007845,0.6622674972032362,0.40853938708560017,0.24474397971582496,0.19346967517857025,47,True,,Arsenal,2113.0846893867974,1887,0.9591944886062533,1077.1628179417426,1781.7458568270888,651.4949936787367,2141.2473568531777,0,0,True,True,False,False,False,171,0.17841227578255517,78,0.8075848202430479,14,27.2030309584108,0.002881076379301406,-0.027896154478433077,19.17083365056275,False,False
c0p5_e0p5_x0p666667,0.4189763804007845,0.6622674972032362,0.40853938708560017,0.24474397971582496,0.19346967517857025,47,True,,Arsenal,2113.1551316302002,1887,0.9591944886062533,1077.1628179417426,1781.7458568270888,651.4949936787367,2141.2473568531777,0,0,True,True,False,False,False,171,0.17841227578255517,78,0.8075848202430479,14,27.2030309584108,0.002881076379301406,-0.027896154478433077,19.17083365056275,False,False
c0p75_e0p5_x0p666667,0.4189763804007845,0.6622674972032362,0.40853938708560017,0.24474397971582496,0.19346967517857025,47,True,,Arsenal,2113.225559258228,1887,0.9591944886062533,1077.1628179417426,1781.7458568270888,651.4949936787367,2141.2473568531777,0,0,True,True,False,False,False,171,0.17841227578255517,78,0.8075848202430479,14,27.2030309584108,0.002881076379301406,-0.027896154478433077,19.17083365056275,False,False
c1_e0p5_x0p666667,0.4189763804007845,0.6622674972032362,0.40853938708560017,0.24474397971582496,0.19346967517857025,47,True,,Arsenal,2113.2959722890546,1887,0.9591944886062533,1077.1628179417426,1781.7458568270888,651.4949936787367,2141.2473568531777,0,0,True,True,False,False,False,171,0.17841227578255517,78,0.8075848202430479,14,27.2030309584108,0.002881076379301406,-0.027896154478433077,19.17083365056275,False,False
c0_e0_x0p666667,0.41894869034267856,0.6624081619781141,0.40853938708560017,0.2446502982239749,0.19346967517857025,47,True,,Arsenal,2016.6369578134286,1887,0.9607843137254902,1077.1628179417426,1781.7458568270888,651.4949936787367,2038.5059193354223,0,0,True,True,False,False,False,171,0.1786363727076282,78,0.8057891475612994,14,18.42240167708459,0.003105173304374431,-0.029691827160181594,10.390204369236537,False,False
c0p25_e0_x0p666667,0.41894869034267856,0.6624081619781141,0.40853938708560017,0.2446502982239749,0.19346967517857025,47,True,,Arsenal,2016.7074146904247,1887,0.9607843137254902,1077.1628179417426,1781.7458568270888,651.4949936787367,2038.5059193354223,0,0,True,True,False,False,False,171,0.1786363727076282,78,0.8057891475612994,14,18.42240167708459,0.003105173304374431,-0.029691827160181594,10.390204369236537,False,False
c0p5_e0_x0p666667,0.41894869034267856,0.6624081619781141,0.40853938708560017,0.2446502982239749,0.19346967517857025,47,True,,Arsenal,2016.7778569338277,1887,0.9607843137254902,1077.1628179417426,1781.7458568270888,651.4949936787367,2038.5059193354223,0,0,True,True,False,False,False,171,0.1786363727076282,78,0.8057891475612994,14,18.42240167708459,0.003105173304374431,-0.029691827160181594,10.390204369236537,False,False
c0p75_e0_x0p666667,0.41894869034267856,0.6624081619781141,0.40853938708560017,0.2446502982239749,0.19346967517857025,47,True,,Arsenal,2016.848284561855,1887,0.9607843137254902,1077.1628179417426,1781.7458568270888,651.4949936787367,2038.5059193354223,0,0,True,True,False,False,False,171,0.1786363727076282,78,0.8057891475612994,14,18.42240167708459,0.003105173304374431,-0.029691827160181594,10.390204369236537,False,False
c1_e0_x0p666667,0.41894869034267856,0.6624081619781141,0.40853938708560017,0.2446502982239749,0.19346967517857025,47,True,,Arsenal,2016.9186975926818,1887,0.9607843137254902,1077.1628179417426,1781.7458568270888,651.4949936787367,2038.5059193354223,0,0,True,True,False,False,False,171,0.1786363727076282,78,0.8057891475612994,14,18.42240167708459,0.003105173304374431,-0.029691827160181594,10.390204369236537,False,False
c0_e0p25_x0p666667,0.4187914780698896,0.6622072561256848,0.40853938708560017,0.24477299734039842,0.19346967517857025,47,True,,Arsenal,2064.825595161615,1887,0.9602543720190779,1077.1628179417426,1781.7458568270888,651.4949936787367,2086.597202867123,0,0,True,True,False,False,False,171,0.1784104437328851,78,0.8055362359159827,14,22.056303684050622,0.0028792443296313253,-0.029944738805498305,14.02410637620257,False,False
c0p25_e0p25_x0p666667,0.4187914780698896,0.6622072561256848,0.40853938708560017,0.24477299734039842,0.19346967517857025,47,True,,Arsenal,2064.896052038611,1887,0.9602543720190779,1077.1628179417426,1781.7458568270888,651.4949936787367,2086.597202867123,0,0,True,True,False,False,False,171,0.1784104437328851,78,0.8055362359159827,14,22.056303684050622,0.0028792443296313253,-0.029944738805498305,14.02410637620257,False,False
c0p5_e0p25_x0p666667,0.4187914780698896,0.6622072561256848,0.40853938708560017,0.24477299734039842,0.19346967517857025,47,True,,Arsenal,2064.966494282014,1887,0.9602543720190779,1077.1628179417426,1781.7458568270888,651.4949936787367,2086.597202867123,0,0,True,True,False,False,False,171,0.1784104437328851,78,0.8055362359159827,14,22.056303684050622,0.0028792443296313253,-0.029944738805498305,14.02410637620257,False,False
c0p75_e0p25_x0p666667,0.4187914780698896,0.6622072561256848,0.40853938708560017,0.24477299734039842,0.19346967517857025,47,True,,Arsenal,2065.036921910041,1887,0.9602543720190779,1077.1628179417426,1781.7458568270888,651.4949936787367,2086.597202867123,0,0,True,True,False,False,False,171,0.1784104437328851,78,0.8055362359159827,14,22.056303684050622,0.0028792443296313253,-0.029944738805498305,14.02410637620257,False,False
c1_e0p25_x0p666667,0.4187914780698896,0.6622072561256848,0.40853938708560017,0.24477299734039842,0.19346967517857025,47,True,,Arsenal,2065.107334940868,1887,0.9602543720190779,1077.1628179417426,1781.7458568270888,651.4949936787367,2086.597202867123,0,0,True,True,False,False,False,171,0.1784104437328851,78,0.8055362359159827,14,22.056303684050622,0.0028792443296313253,-0.029944738805498305,14.02410637620257,False,False
c0_e1_x1,0.41875266306930553,0.662212727051037,0.4106227204189335,0.24479324593176585,0.19331301708647183,47,True,,Arsenal,2226.9652197012656,1887,0.9512453630100689,1077.1628179417426,1798.5997814267125,651.4949936787367,2295.7500381431328,0,2,False,True,False,False,False,171,0.18114745818036362,78,0.7972407339495946,14,49.8422218676361,0.0056162587771098615,-0.03824024077188637,41.81002455978805,False,False
c0p25_e1_x1,0.41875266306930553,0.662212727051037,0.4106227204189335,0.24479324593176585,0.19331301708647183,47,True,,Arsenal,2227.0162401984003,1887,0.9512453630100689,1077.1628179417426,1798.5997814267125,651.4949936787367,2295.7500381431328,0,2,False,True,False,False,False,171,0.18114745818036362,78,0.7972407339495946,14,49.8422218676361,0.0056162587771098615,-0.03824024077188637,41.81002455978805,False,False
c0p5_e1_x1,0.41875266306930553,0.662212727051037,0.4106227204189335,0.24479324593176585,0.19331301708647183,47,True,,Arsenal,2227.0672500987957,1887,0.9512453630100689,1077.1628179417426,1798.5997814267125,651.4949936787367,2295.7500381431328,0,2,False,True,False,False,False,171,0.18114745818036362,78,0.7972407339495946,14,49.8422218676361,0.0056162587771098615,-0.03824024077188637,41.81002455978805,False,False
c0p75_e1_x1,0.41875266306930553,0.662212727051037,0.4106227204189335,0.24479324593176585,0.19331301708647183,47,True,,Arsenal,2227.118249415643,1887,0.9512453630100689,1077.1628179417426,1798.5997814267125,651.4949936787367,2295.7500381431328,0,2,False,True,False,False,False,171,0.18114745818036362,78,0.7972407339495946,14,49.8422218676361,0.0056162587771098615,-0.03824024077188637,41.81002455978805,False,False
c1_e1_x1,0.41875266306930553,0.662212727051037,0.4106227204189335,0.24479324593176585,0.19331301708647183,47,True,,Arsenal,2227.169238162104,1887,0.9512453630100689,1077.1628179417426,1798.5997814267125,651.4949936787367,2295.7500381431328,0,2,False,True,False,False,False,171,0.18114745818036362,78,0.7972407339495946,14,49.8422218676361,0.0056162587771098615,-0.03824024077188637,41.81002455978805,False,False
c0_e0p75_x1,0.41866826629568255,0.6621796122752239,0.4106227204189335,0.24482300783652777,0.19331301708647183,47,True,,Arsenal,2177.354039553133,1887,0.9512453630100689,1077.1628179417426,1798.5997814267125,651.4949936787367,2236.741227359578,0,2,False,True,False,False,False,171,0.18065019983032837,78,0.792991818308274,14,43.62018985270775,0.00511900042707461,-0.04248915641320694,35.5879925448597,False,False
c0p25_e0p75_x1,0.41866826629568255,0.6621796122752239,0.4106227204189335,0.24482300783652777,0.19331301708647183,47,True,,Arsenal,2177.405060050268,1887,0.9512453630100689,1077.1628179417426,1798.5997814267125,651.4949936787367,2236.741227359578,0,2,False,True,False,False,False,171,0.18065019983032837,78,0.792991818308274,14,43.62018985270775,0.00511900042707461,-0.04248915641320694,35.5879925448597,False,False
c0p5_e0p75_x1,0.41866826629568255,0.6621796122752239,0.4106227204189335,0.24482300783652777,0.19331301708647183,47,True,,Arsenal,2177.4560699506633,1887,0.9512453630100689,1077.1628179417426,1798.5997814267125,651.4949936787367,2236.741227359578,0,2,False,True,False,False,False,171,0.18065019983032837,78,0.792991818308274,14,43.62018985270775,0.00511900042707461,-0.04248915641320694,35.5879925448597,False,False
c0p75_e0p75_x1,0.41866826629568255,0.6621796122752239,0.4106227204189335,0.24482300783652777,0.19331301708647183,47,True,,Arsenal,2177.507069267511,1887,0.9512453630100689,1077.1628179417426,1798.5997814267125,651.4949936787367,2236.741227359578,0,2,False,True,False,False,False,171,0.18065019983032837,78,0.792991818308274,14,43.62018985270775,0.00511900042707461,-0.04248915641320694,35.5879925448597,False,False
c1_e0p75_x1,0.41866826629568255,0.6621796122752239,0.4106227204189335,0.24482300783652777,0.19331301708647183,47,True,,Arsenal,2177.5580580139717,1887,0.9512453630100689,1077.1628179417426,1798.5997814267125,651.4949936787367,2236.741227359578,0,2,False,True,False,False,False,171,0.18065019983032837,78,0.792991818308274,14,43.62018985270775,0.00511900042707461,-0.04248915641320694,35.5879925448597,False,False
c0_e0p25_x1,0.4185822442996587,0.6621474420848193,0.4106227204189335,0.24485205269361393,0.19331301708647183,47,True,,Arsenal,2078.1316792568678,1887,0.9517753047164812,1077.1628179417426,1798.5997814267125,651.4949936787367,2118.7236057924683,0,2,False,True,False,False,False,171,0.18025018889392408,78,0.7906650311713602,14,31.17612582285155,0.004718989490670317,-0.04481594355012075,23.143928515003495,False,False
c0_e0p5_x1,0.4185822442996587,0.6621474420848193,0.4106227204189335,0.24485205269361393,0.19331301708647183,47,True,,Arsenal,2127.742859405,1887,0.9512453630100689,1077.1628179417426,1798.5997814267125,651.4949936787367,2177.732416576023,0,2,False,True,False,False,False,171,0.1803427065686387,78,0.791373183778247,14,37.3981578377797,0.004811507165384948,-0.044107790943234026,29.365960529931648,False,False
c0p25_e0p25_x1,0.4185822442996587,0.6621474420848193,0.4106227204189335,0.24485205269361393,0.19331301708647183,47,True,,Arsenal,2078.1826997540024,1887,0.9517753047164812,1077.1628179417426,1798.5997814267125,651.4949936787367,2118.7236057924683,0,2,False,True,False,False,False,171,0.18025018889392408,78,0.7906650311713602,14,31.17612582285155,0.004718989490670317,-0.04481594355012075,23.143928515003495,False,False
c0p25_e0p5_x1,0.4185822442996587,0.6621474420848193,0.4106227204189335,0.24485205269361393,0.19331301708647183,47,True,,Arsenal,2127.7938799021354,1887,0.9512453630100689,1077.1628179417426,1798.5997814267125,651.4949936787367,2177.732416576023,0,2,False,True,False,False,False,171,0.1803427065686387,78,0.791373183778247,14,37.3981578377797,0.004811507165384948,-0.044107790943234026,29.365960529931648,False,False
c0p5_e0p25_x1,0.4185822442996587,0.6621474420848193,0.4106227204189335,0.24485205269361393,0.19331301708647183,47,True,,Arsenal,2078.233709654398,1887,0.9517753047164812,1077.1628179417426,1798.5997814267125,651.4949936787367,2118.7236057924683,0,2,False,True,False,False,False,171,0.18025018889392408,78,0.7906650311713602,14,31.17612582285155,0.004718989490670317,-0.04481594355012075,23.143928515003495,False,False
c0p5_e0p5_x1,0.4185822442996587,0.6621474420848193,0.4106227204189335,0.24485205269361393,0.19331301708647183,47,True,,Arsenal,2127.844889802531,1887,0.9512453630100689,1077.1628179417426,1798.5997814267125,651.4949936787367,2177.732416576023,0,2,False,True,False,False,False,171,0.1803427065686387,78,0.791373183778247,14,37.3981578377797,0.004811507165384948,-0.044107790943234026,29.365960529931648,False,False
c0p75_e0p25_x1,0.4185822442996587,0.6621474420848193,0.4106227204189335,0.24485205269361393,0.19331301708647183,47,True,,Arsenal,2078.284708971245,1887,0.9517753047164812,1077.1628179417426,1798.5997814267125,651.4949936787367,2118.7236057924683,0,2,False,True,False,False,False,171,0.18025018889392408,78,0.7906650311713602,14,31.17612582285155,0.004718989490670317,-0.04481594355012075,23.143928515003495,False,False
c0p75_e0p5_x1,0.4185822442996587,0.6621474420848193,0.4106227204189335,0.24485205269361393,0.19331301708647183,47,True,,Arsenal,2127.895889119378,1887,0.9512453630100689,1077.1628179417426,1798.5997814267125,651.4949936787367,2177.732416576023,0,2,False,True,False,False,False,171,0.1803427065686387,78,0.791373183778247,14,37.3981578377797,0.004811507165384948,-0.044107790943234026,29.365960529931648,False,False
c1_e0p25_x1,0.4185822442996587,0.6621474420848193,0.4106227204189335,0.24485205269361393,0.19331301708647183,47,True,,Arsenal,2078.335697717706,1887,0.9517753047164812,1077.1628179417426,1798.5997814267125,651.4949936787367,2118.7236057924683,0,2,False,True,False,False,False,171,0.18025018889392408,78,0.7906650311713602,14,31.17612582285155,0.004718989490670317,-0.04481594355012075,23.143928515003495,False,False
c1_e0p5_x1,0.4185822442996587,0.6621474420848193,0.4106227204189335,0.24485205269361393,0.19331301708647183,47,True,,Arsenal,2127.946877865839,1887,0.9512453630100689,1077.1628179417426,1798.5997814267125,651.4949936787367,2177.732416576023,0,2,False,True,False,False,False,171,0.1803427065686387,78,0.791373183778247,14,37.3981578377797,0.004811507165384948,-0.044107790943234026,29.365960529931648,False,False
c0_e0_x1,0.41784929925543934,0.6616881181561871,0.4106227204189335,0.24495830668312168,0.19331301708647183,47,True,,Arsenal,2028.5204991087348,1887,0.9523052464228935,1077.1628179417426,1798.5997814267125,651.4949936787367,2059.714795008913,0,19,False,True,False,False,False,171,0.18039701639212744,78,0.7803574690577754,14,24.95409380792343,0.004865816988873672,-0.05512350566370561,16.921896500075377,False,False
c0p25_e0_x1,0.41784929925543934,0.6616881181561871,0.4106227204189335,0.24495830668312168,0.19331301708647183,47,True,,Arsenal,2028.5715196058698,1887,0.9523052464228935,1077.1628179417426,1798.5997814267125,651.4949936787367,2059.714795008913,0,19,False,True,False,False,False,171,0.18039701639212744,78,0.7803574690577754,14,24.95409380792343,0.004865816988873672,-0.05512350566370561,16.921896500075377,False,False
c0p5_e0_x1,0.41784929925543934,0.6616881181561871,0.4106227204189335,0.24495830668312168,0.19331301708647183,47,True,,Arsenal,2028.622529506265,1887,0.9523052464228935,1077.1628179417426,1798.5997814267125,651.4949936787367,2059.714795008913,0,19,False,True,False,False,False,171,0.18039701639212744,78,0.7803574690577754,14,24.95409380792343,0.004865816988873672,-0.05512350566370561,16.921896500075377,False,False
c0p75_e0_x1,0.41784929925543934,0.6616881181561871,0.4106227204189335,0.24495830668312168,0.19331301708647183,47,True,,Arsenal,2028.6735288231125,1887,0.9523052464228935,1077.1628179417426,1798.5997814267125,651.4949936787367,2059.714795008913,0,19,False,True,False,False,False,171,0.18039701639212744,78,0.7803574690577754,14,24.95409380792343,0.004865816988873672,-0.05512350566370561,16.921896500075377,False,False
c1_e0_x1,0.41784929925543934,0.6616881181561871,0.4106227204189335,0.24495830668312168,0.19331301708647183,47,True,,Arsenal,2028.7245175695732,1887,0.9523052464228935,1077.1628179417426,1798.5997814267125,651.4949936787367,2059.714795008913,0,19,False,True,False,False,False,171,0.18039701639212744,78,0.7803574690577754,14,24.95409380792343,0.004865816988873672,-0.05512350566370561,16.921896500075377,False,False
