fold,candidate,ranking_score,pairwise_accuracy,top_quartile_precision,rank_percentile_mae,zero_exposure_rank_mae,zero_exposure_extreme_overrank_count,log_loss,pilot_guardrails_pass,pilot_guardrail_violations,pilot_como_rating,pilot_como_rank,pilot_top_team,historical_zero_guardrail_pass,eligible
2,country_b35_g1.4_c100,0.45877120729555015,0.6828767103265911,0.3098765432098765,0.23356899248237128,0.1732598260938918,7,0.6287260197013734,True,,684.559166609833,10,Arsenal,True,True
2,country_b30_g1.4_c100,0.45863044955277227,0.6827245260543545,0.3139917695473251,0.23377103940133948,0.17303382506043496,7,0.6278992118043513,True,,692.9974592504597,10,Arsenal,True,True
2,country_b30_g1.6_c100,0.4584194151026109,0.6827957028499299,0.3098765432098765,0.23344268394772547,0.17709153239949335,6,0.6280951400101809,True,,689.7005055397015,10,Arsenal,True,True
2,country_b25_g2.0_c100,0.4583191015662216,0.6828852634463836,0.3160493827160494,0.23287921935203937,0.1754584660274046,5,0.6272543370138709,True,,698.4095198398401,10,Arsenal,True,True
2,country_b35_g1.6_c100,0.4582935819328371,0.6826813658938983,0.3098765432098765,0.233164898644435,0.17712319382960753,6,0.6290513051368735,True,,680.31467116167,10,Arsenal,True,True
2,country_b35_g2.0_c140,0.4579802886531938,0.6827426089511541,0.3181069958847737,0.2330181120036846,0.17583303004184708,5,0.6268843570551422,True,,701.4310882080313,10,Arsenal,True,True
2,country_b25_g1.6_c100,0.4576452864498262,0.6824803745434432,0.3181069958847737,0.23397451961114882,0.17683550647995044,7,0.626880168634628,True,,702.1961467212637,10,Arsenal,True,True
2,country_b30_g2.0_c140,0.45762202978893635,0.6823432094558415,0.3201646090534979,0.23331030497018634,0.17638474994733666,5,0.6255896758038338,True,,715.1441651941168,10,Arsenal,True,True
2,country_b30_g2.0_c100,0.45747301425980097,0.6823290146875092,0.31193415637860084,0.23263986331328598,0.17564150778012255,4,0.6287834216649894,True,,683.3287676817619,10,Arsenal,True,True
2,country_b20_g2.0_c100,0.45732619715513173,0.6821650195950273,0.3201646090534979,0.2335092516251461,0.1761480647672657,6,0.6252552539611336,True,,718.3157894736842,10,Arsenal,True,True
2,country_b35_g1.2_c100,0.4571012233614434,0.6822136128973254,0.31193415637860084,0.23448527736421007,0.17140324198854084,7,0.6285624779165472,True,,688.9391306225862,10,Arsenal,True,True
2,country_b30_g1.2_c100,0.45703282245535387,0.6824281426017947,0.3139917695473251,0.23469665156312458,0.17305212483361046,7,0.6278752636423928,True,,696.3707603932204,10,Arsenal,True,True
2,country_b35_g2.0_c100,0.45684501323914245,0.6819895370789707,0.3098765432098765,0.23253035930439978,0.17582275503124,4,0.6299672649862288,True,,672.2154558397157,10,Arsenal,True,True
2,country_b20_g1.4_c100,0.45639869214894485,0.6821249382195823,0.3201646090534979,0.23516660967702152,0.1721828506499501,8,0.6255368567311755,True,,718.3157894736842,10,Arsenal,True,True
2,country_b25_g2.0_c140,0.4563605890289005,0.6820119326754096,0.3201646090534979,0.2340311866922867,0.17712487698406687,7,0.623953809617215,True,,733.7527958427576,8,Arsenal,True,True
2,country_b25_g1.2_c100,0.4561889911227386,0.6819993553980882,0.3181069958847737,0.23501484625020866,0.17238516840542994,8,0.627016928899426,True,,706.0776785474777,10,Arsenal,True,True
2,country_b35_g1.6_c140,0.4561590447023036,0.6816985210396854,0.3201646090534979,0.2344964546782894,0.17776772287198458,7,0.6259577977037146,True,,711.4249734526295,10,Arsenal,True,True
2,country_b15_g2.0_c100,0.4559824719950792,0.6821384637946047,0.3242798353909465,0.23454548794056929,0.17869959486472164,8,0.6240453022070037,True,,718.3157894736842,10,Arsenal,True,True
2,country_b35_g2.0_c180,0.45596148137098585,0.6817169353461866,0.3201646090534979,0.23413066001976657,0.1772883268188782,7,0.6241718077418409,True,,730.646720576347,10,Arsenal,True,True
2,country_b35_g1.0_c100,0.4559148102780928,0.6816904569708102,0.31193415637860084,0.23494460499244316,0.17467757557913782,8,0.628652586477878,True,,693.4588868544644,10,Arsenal,True,True
2,country_b30_g1.0_c100,0.4557323901198406,0.6816351839448208,0.3160493827160494,0.23516332635204737,0.1780088904218542,10,0.6281140763548302,True,,699.8221769425703,10,Arsenal,True,True
2,country_b25_g1.4_c100,0.45569302772582326,0.6817429478532057,0.3181069958847737,0.23481337264757698,0.17215907415111076,7,0.6268574260828014,True,,704.124902232475,10,Arsenal,True,True
2,country_b20_g1.6_c100,0.4555403774408558,0.681583499071857,0.3201646090534979,0.2349050820710753,0.17656050234651152,8,0.625322891939672,True,,718.3157894736842,10,Arsenal,True,True
2,country_b35_g1.4_c140,0.4554902583602966,0.6816553139402227,0.3201646090534979,0.2351572823970752,0.1718692945109873,9,0.6256868402007152,True,,716.662394455029,10,Arsenal,True,True
2,country_b20_g2.0_c140,0.45541627083633357,0.6818341748053648,0.3242798353909465,0.2352191864345227,0.17959232963207666,8,0.6218894833410914,True,,758.3157894736842,8,Arsenal,True,True
2,country_b30_g1.6_c140,0.4553441589978661,0.681581292556786,0.3201646090534979,0.23494181787452406,0.17726442084661892,8,0.6249395568641297,True,,723.0064598028673,10,Arsenal,True,True
2,country_b30_g2.0_c180,0.4552140594309026,0.6815895369927899,0.3242798353909465,0.23478442723603088,0.1786288609459354,8,0.6228363572762302,True,,746.9595627064718,8,Arsenal,True,True
2,country_b30_g1.4_c140,0.4551358691577518,0.6816942290411213,0.3242798353909465,0.23544947536357694,0.17263724279619602,9,0.6248239226943603,True,,727.0746782329608,10,Arsenal,True,True
2,country_b15_g1.6_c100,0.4549133647285262,0.6817075211317124,0.3263374485596708,0.23524615172681226,0.17693147735775305,9,0.6244848322462244,True,,718.3157894736842,10,Arsenal,True,True
2,country_b35_g2.0_c220,0.4546048186355174,0.681363503185381,0.3242798353909465,0.23543551093157858,0.1805034289093172,8,0.6218314513588183,True,,759.8623529446626,8,Arsenal,True,True
2,country_b25_g1.6_c140,0.4543689971109366,0.6812268992719971,0.3242798353909465,0.2354586725583997,0.17691142969340823,9,0.6236745810218024,True,,738.4252379266812,9,Arsenal,True,True
2,country_b20_g1.2_c100,0.45425607783834154,0.6808518930225805,0.32222222222222224,0.23577077031466945,0.17314927650900303,10,0.6259424660342908,True,,718.3157894736842,10,Arsenal,True,True
2,country_b25_g2.0_c180,0.4541559406022269,0.681180451714286,0.3263374485596708,0.23573335759768174,0.18045028783883355,9,0.6211980378671075,True,,769.0960718456752,8,Arsenal,True,True
2,country_b35_g1.2_c140,0.45387754258648244,0.6808638873560654,0.32222222222222224,0.235881264383184,0.17365967367778185,10,0.6256426068906712,True,,722.0669745259245,10,Arsenal,True,True
2,country_b15_g1.4_c100,0.4537415636623476,0.6811246655031574,0.3263374485596708,0.23600376925236136,0.17421539172247943,10,0.6248957958671942,True,,718.3157894736842,10,Arsenal,True,True
2,country_b25_g1.0_c100,0.45368169655223567,0.6807021777502277,0.3181069958847737,0.2358326478641959,0.18041508401594958,11,0.6274477793428045,True,,708.0547748223916,10,Arsenal,True,True
2,country_b35_g1.6_c180,0.45352940960611626,0.6808997996667466,0.3263374485596708,0.23569844534044485,0.17753393012811525,9,0.6233179108757221,True,,742.535275743589,8,Arsenal,True,True
2,country_b25_g1.4_c140,0.4534770250011057,0.680834739470245,0.3263374485596708,0.2361943786870031,0.17307751975019917,10,0.6237617867636476,True,,740.8051920923251,9,Arsenal,True,True
2,country_b20_g1.0_c100,0.4534497966421331,0.680651464080459,0.32222222222222224,0.2361047794678849,0.18119141958930257,11,0.6266262400687767,True,,718.3157894736842,10,Arsenal,True,True
2,country_b30_g2.0_c220,0.4534163347249513,0.6807977424706498,0.3263374485596708,0.23623523130200963,0.18271798889454688,9,0.6205247473554076,True,,778.7749602188269,8,Arsenal,True,True
2,country_b35_g2.0_c260,0.4528842755435019,0.6807440512410258,0.3263374485596708,0.23654042512880255,0.18370891630359085,9,0.6198634150400429,True,,789.0779853129783,8,Arsenal,True,True
2,country_b20_g1.6_c140,0.452701539084612,0.6805402183733701,0.3263374485596708,0.2364136733629438,0.17800775623469545,9,0.6221114779613292,True,,758.3157894736842,8,Arsenal,True,True
2,country_b20_g2.0_c180,0.4523501206271127,0.6804458081995955,0.3263374485596708,0.2368655502332846,0.18376578620856898,9,0.619232639246036,True,,798.3157894736842,8,Arsenal,True,True
2,country_b30_g1.6_c180,0.4521325771991163,0.6802585037851746,0.3263374485596708,0.23647146058883353,0.1785569747137116,9,0.6223050208717825,True,,756.3124140660332,8,Arsenal,True,True
2,country_b15_g1.2_c100,0.45210471577411676,0.6803009524719353,0.3263374485596708,0.23647200741724891,0.17564368552304607,11,0.6255029668010943,True,,718.3157894736842,10,Arsenal,True,True
2,country_b15_g2.0_c140,0.45192167081759765,0.6805825883325981,0.3242798353909465,0.23663890839665414,0.1832482757700982,9,0.6207665409229856,True,,758.3157894736842,8,Arsenal,True,True
2,country_b35_g1.4_c180,0.4518965173866933,0.6803504930175513,0.3263374485596708,0.23674598905507094,0.17569707777196444,11,0.6231539650058617,True,,748.7656223002252,8,Arsenal,True,True
2,country_b30_g1.2_c140,0.4516732218383496,0.6799619675310115,0.3242798353909465,0.2364879784564249,0.1756865981933538,11,0.6249458289204876,True,,731.2371042429025,10,Arsenal,True,True
2,country_b35_g0.8_c100,0.4514864637499787,0.6798406313031186,0.3139917695473251,0.23617017402471152,0.18469554778456088,13,0.6291406637828498,True,,698.1228969550313,10,Arsenal,True,True
2,country_b25_g1.2_c140,0.45110358765208214,0.6797526226252596,0.3263374485596708,0.23685760326833727,0.1764009962720718,11,0.6240970437309529,True,,743.2147863091382,9,Arsenal,True,True
2,country_b15_g1.0_c100,0.450990473688939,0.6799067466119543,0.3242798353909465,0.23690887682012088,0.18170272825095782,13,0.6263882635484582,True,,718.3157894736842,10,Arsenal,True,True
2,country_b35_g1.0_c140,0.4509336505309847,0.6796711290334554,0.3242798353909465,0.23687737797298172,0.18083765677450897,13,0.6259486300953635,True,,727.64404876329,10,Arsenal,True,True
2,country_b30_g0.8_c100,0.4509069374839019,0.6796200759289058,0.3160493827160494,0.23654743265548187,0.18412325973157828,14,0.6287570617041218,True,,703.3535178140161,10,Arsenal,True,True
2,country_b25_g1.6_c180,0.4508980454450247,0.6797056862704975,0.3242798353909465,0.23749980291515158,0.1790431215109341,10,0.6210867084534587,True,,774.6543291320988,8,Arsenal,True,True
2,country_b35_g1.6_c220,0.45052307113579304,0.6795855547772742,0.3242798353909465,0.2375161906976194,0.17815088910044846,10,0.6211337225488994,True,,773.6455780345485,8,Arsenal,True,True
2,country_b30_g1.0_c140,0.45049750489051577,0.67944446741796,0.3263374485596708,0.23702403452860854,0.18075960501802724,13,0.6254269146249437,True,,735.4959193940458,10,Arsenal,True,True
2,country_b20_g1.4_c140,0.4500963778483205,0.6793761473166238,0.3263374485596708,0.23745811681356144,0.17811058920375528,11,0.622466326497752,True,,758.3157894736842,8,Arsenal,True,True
2,country_b25_g0.8_c100,0.4499909596464984,0.679176791807452,0.3160493827160494,0.23675513327405148,0.18448125373773577,15,0.628287517293057,True,,710.0564939390396,10,Arsenal,True,True
2,country_b30_g1.4_c180,0.44962009497881134,0.679273036752428,0.3263374485596708,0.2376805117535105,0.17904255441735473,11,0.6223202152038773,True,,761.1518972154618,8,Arsenal,True,True
2,country_b35_g1.2_c180,0.449615032271178,0.6790751403121679,0.3242798353909465,0.23755644350836838,0.17789004676968348,11,0.6232922486387685,True,,755.1948184292628,8,Arsenal,True,True
2,country_b20_g1.2_c140,0.44954599573801185,0.6792595909790199,0.3242798353909465,0.23776075720476134,0.17807763562891002,11,0.6230786530003176,True,,758.3157894736842,8,Arsenal,True,True
2,country_b30_g1.6_c220,0.4494415287331534,0.6794306477510966,0.3263374485596708,0.23811980450685197,0.18007884931274865,11,0.6201930115576424,True,,789.6183683291989,8,Arsenal,True,True
2,country_b30_g1.2_c180,0.44910780500069314,0.6789618334030215,0.3242798353909465,0.23794076264166023,0.1790301042532925,12,0.6226483078764659,True,,766.1034480925848,8,Arsenal,True,True
2,country_b15_g1.6_c140,0.4490965383754372,0.6794209125782472,0.3242798353909465,0.23794855303356288,0.17797750865432707,11,0.6214197710387065,True,,758.3157894736842,8,Arsenal,True,True
2,country_b20_g1.6_c180,0.44897471943534795,0.6793431929906193,0.3263374485596708,0.23825035993817914,0.17963216601392643,11,0.6196636660911157,True,,798.3157894736842,8,Arsenal,True,True
2,country_b20_g0.8_c100,0.44834325788272134,0.6785560135712388,0.3181069958847737,0.23737880844609674,0.18454455847168538,15,0.6277203171557381,True,,718.3157894736842,10,Arsenal,True,True
2,country_b25_g1.0_c140,0.448089032183526,0.6786148202371797,0.3263374485596708,0.23777063131312304,0.18262496742125067,13,0.6247993707298289,True,,745.6543897155882,9,Arsenal,True,True
2,country_b25_g1.4_c180,0.4478415063328373,0.6787016400496754,0.3242798353909465,0.23825614372290416,0.17985637254578277,12,0.6213295712201473,True,,777.4854819521752,8,Arsenal,True,True
2,country_b15_g1.4_c140,0.4477727863489343,0.6787792021443418,0.3242798353909465,0.23812600503486872,0.17936488885419,12,0.6220010675446824,True,,758.3157894736842,8,Arsenal,True,True
2,country_b35_g1.4_c220,0.4476565919432974,0.6786856075428438,0.3242798353909465,0.23827352156500026,0.180183885919416,12,0.621129663526849,True,,780.8688501454212,8,Arsenal,True,True
2,country_b25_g1.2_c180,0.44759030593526417,0.6783993710074134,0.3263374485596708,0.238805200655379,0.18016238815276775,12,0.6218952335979552,True,,780.3518940707988,8,Arsenal,True,True
2,country_b15_g1.2_c140,0.4474149275949972,0.6785489655329786,0.3263374485596708,0.238555527277051,0.18164577548299088,12,0.6228428615210831,True,,758.3157894736842,8,Arsenal,True,True
2,country_b15_g2.0_c180,0.44726738931620846,0.6788331603183133,0.3263374485596708,0.23856334415687475,0.18443229724818488,10,0.6183466014361615,True,,798.3157894736842,8,Arsenal,True,True
2,country_b30_g1.4_c220,0.446980718999336,0.6784022328952615,0.3263374485596708,0.23853801934983132,0.18024555410933743,12,0.6203897578724797,True,,795.2291161979628,8,Arsenal,True,True
2,country_b20_g1.4_c180,0.44691436589564254,0.6782693270689312,0.3263374485596708,0.23878104896892957,0.17999255009941617,12,0.620194968180943,True,,798.3157894736842,8,Arsenal,True,True
2,country_b35_g1.2_c220,0.44667554650441876,0.6781150800771418,0.3263374485596708,0.23899961375548914,0.18095693027843388,13,0.6215139300632375,True,,788.3226623326011,8,Arsenal,True,True
2,country_b20_g1.0_c140,0.4464123531922472,0.6778783319235333,0.3242798353909465,0.23892556883225516,0.18578576576989492,13,0.6240636803764444,True,,758.3157894736842,8,Arsenal,True,True
2,country_b20_g1.2_c180,0.44547880379669197,0.6777307075779205,0.3263374485596708,0.23953173607708078,0.18386033546822056,14,0.6210576447633365,True,,798.3157894736842,8,Arsenal,True,True
2,country_b30_g1.2_c220,0.44539097935945177,0.6777929657096706,0.3263374485596708,0.23953879657960228,0.1841991000820473,14,0.6209846368846572,True,,800.969791942267,8,Arsenal,True,True
2,country_b35_g1.0_c180,0.44535058695940055,0.6775734221821597,0.3242798353909465,0.23908918648668628,0.1852069315407997,14,0.6238918910319194,True,,761.8292106721157,8,Arsenal,True,True
2,country_b15_g0.8_c100,0.4452590522732424,0.6775401239838574,0.3222222222222222,0.23855946102764303,0.18507980158975232,15,0.6276752908328517,True,,718.3157894736842,10,Arsenal,True,True
2,country_b15_g1.4_c180,0.44521150386466135,0.6778224893809585,0.3263374485596708,0.23971020462593598,0.1818866918544258,13,0.6200364995600303,True,,798.3157894736842,8,Arsenal,True,True
2,country_b15_g1.6_c180,0.44496892067796123,0.6780655772476695,0.3263374485596708,0.23935683751136785,0.18251427800506836,13,0.619256360336359,True,,798.3157894736842,8,Arsenal,True,True
2,country_b35_g0.8_c140,0.4449352240521492,0.677255032183056,0.3222222222222222,0.2387218019642776,0.18528543904371966,17,0.6267994037296698,True,,733.3991225416552,10,Arsenal,True,True
2,country_b30_g0.6_c100,0.4448649315692415,0.6771382276112593,0.3160493827160494,0.23830624415409374,0.18473076196531849,16,0.63003136819771,True,,706.9666338120526,10,Arsenal,True,True
2,country_b35_g0.6_c100,0.44461698784875875,0.6768791935132062,0.3139917695473251,0.23818868958305772,0.1848620480131462,16,0.630260294667432,True,,702.9357649731703,10,Arsenal,True,True
2,country_b30_g1.0_c180,0.44440659439186475,0.6771314100728928,0.3242798353909465,0.239477179200323,0.18635144291005493,15,0.6234455683957723,True,,771.1696618455212,8,Arsenal,True,True
2,country_b25_g0.6_c100,0.4440921456810509,0.6769468528425141,0.3181069958847737,0.23848765639391276,0.18656114323994027,17,0.6297551289180485,True,,712.0831425513479,10,Arsenal,True,True
2,country_b15_g1.2_c180,0.4435182290159478,0.6770531633736389,0.3242798353909465,0.23999757737941993,0.1872846174053967,15,0.6211484421522043,True,,798.3157894736842,8,Arsenal,True,True
2,country_b15_g1.0_c140,0.44351090731128506,0.6767407736593363,0.3263374485596708,0.23979071024743392,0.1859495600040033,15,0.6240538591385713,True,,758.3157894736842,9,Arsenal,True,True
2,country_b30_g0.8_c140,0.4434225935869618,0.6766669049544047,0.3222222222222222,0.23919457368401473,0.18546648172683358,17,0.6264573229376769,True,,739.853355766076,10,Arsenal,True,True
2,country_b25_g1.0_c180,0.4434063166350941,0.6764900373342301,0.3263374485596708,0.24017263251817744,0.18690382312998627,15,0.6229361825161123,True,,783.254004608785,8,Arsenal,True,True
2,country_b20_g1.0_c180,0.44270656738346864,0.6763236744146295,0.32839506172839505,0.24046680560393574,0.18631112488708299,16,0.6223989224478631,True,,798.3157894736842,8,Arsenal,True,True
2,country_b35_g1.0_c220,0.4426928412208894,0.6762451674099449,0.32839506172839505,0.2403416172140417,0.1868685260862399,16,0.6224852257377019,True,,796.0143725809414,8,Arsenal,True,True
2,country_b20_g0.6_c100,0.44200375735689473,0.6761546424128255,0.3181069958847737,0.23926562194044276,0.18686047283951912,17,0.6294328543192477,True,,718.3157894736842,10,Arsenal,True,True
2,country_current,0.4418926184090683,0.6759606482308137,0.3222222222222222,0.2399521912095638,0.18450249255754414,17,0.6260532843977806,True,,748.1243760474089,9,Arsenal,True,True
2,country_b30_g1.0_c220,0.44077760732273585,0.6757302444115277,0.3242798353909465,0.2410220895523484,0.18719035816620583,16,0.622172323759465,True,,806.8434042969966,8,Arsenal,True,True
2,country_b20_g0.8_c140,0.44016387333504353,0.6752335786617807,0.3242798353909465,0.24080560848224794,0.18535635940423065,17,0.6255982904221654,True,,758.3157894736842,8,Arsenal,True,True
2,country_b15_g0.6_c100,0.4392075599029397,0.6751808993626166,0.3201646090534979,0.24030936198960037,0.18898988592485388,17,0.6295562897220157,True,,718.3157894736842,10,Arsenal,True,True
2,country_b35_g0.8_c180,0.43830409973200585,0.674590202900327,0.3263374485596708,0.2415375109453829,0.1868451587234076,17,0.62520400170753,True,,768.675348128279,8,Arsenal,True,True
2,country_b15_g0.8_c140,0.43781472533943605,0.6747920474242326,0.3263374485596708,0.24159699163236095,0.1867435350360901,17,0.625799091635172,True,,758.3157894736842,9,Arsenal,True,True
2,country_b30_g0.8_c180,0.4375869789623703,0.6744435252997346,0.32839506172839505,0.24185570563246703,0.18763867800905615,17,0.6249570052741,True,,776.3531937181359,8,Arsenal,True,True
2,country_b15_g1.0_c180,0.4372062910894579,0.6747269712544456,0.3242798353909465,0.24173632751521903,0.18747598170954893,16,0.6227306536994387,True,,798.3157894736842,8,Arsenal,True,True
2,country_b35_g0.6_c140,0.43584916043516775,0.6737893091382204,0.3201646090534979,0.24140763242759467,0.19060331376860484,17,0.628511209725094,True,,739.3378769467018,10,Arsenal,True,True
2,country_b30_g0.6_c140,0.43496254420538655,0.6735227180614126,0.3222222222222222,0.24165404896886955,0.19250647464204806,17,0.6283441001868456,True,,744.3116971268641,9,Arsenal,True,True
2,country_b25_g0.6_c140,0.43377439032161264,0.6729227298726722,0.3222222222222222,0.24190215897123277,0.19304857985137225,17,0.6281542903922571,True,,750.6251236948547,9,Arsenal,True,True
2,country_b25_g2.0_c220,0.4515919817748934,0.6800676278290272,0.3263374485596708,0.23715336621798144,0.18427638794535134,9,0.6189867600296265,False,Slavia Praha<=Como,804.4393478485927,7,Arsenal,True,False
2,country_b30_g2.0_c260,0.45143061920857064,0.6799502225411955,0.3242798353909465,0.237272900908274,0.18455787351819286,9,0.6186537379331308,False,Slavia Praha<=Como,810.5903577311819,7,Arsenal,True,False
2,country_b35_g2.0_c300,0.45070914691035213,0.6797444890718406,0.3263374485596708,0.23759476917570296,0.1844400889585974,9,0.618266141591029,False,Slavia Praha<=Como,818.2936176812939,7,Arsenal,True,False
2,country_b25_g2.0_c260,0.44894746898382953,0.6792241837917453,0.3263374485596708,0.23848351544891577,0.18528581969557434,10,0.6173161383499032,False,Shakhtar Donetsk<=Como;Slavia Praha<=Como,839.7826238515103,6,Arsenal,True,False
2,country_b20_g2.0_c220,0.448596290625928,0.6790223217093668,0.3263374485596708,0.23860333679737655,0.1852690451192858,9,0.6172802697016474,False,Shakhtar Donetsk<=Como;Slavia Praha<=Como,838.3157894736842,6,Arsenal,True,False
2,country_b30_g2.0_c300,0.44806354738877113,0.6787887783956837,0.3263374485596708,0.2387889959338769,0.18560330923703516,10,0.6172199010973513,False,Galatasaray<=Como;Shakhtar Donetsk<=Como;Slavia Praha<=Como,842.4057552435369,4,Arsenal,True,False
2,country_b35_g1.6_c260,0.4479079716757471,0.6788073634563537,0.3263374485596708,0.23871112085725335,0.18080245295162498,12,0.6194050829739287,False,Slavia Praha<=Como,804.755880325508,7,Arsenal,True,False
2,country_b25_g1.6_c220,0.44752812690179616,0.6786425991012841,0.3263374485596708,0.23873923278221587,0.18066584813570577,12,0.6191166258458233,False,Slavia Praha<=Como,810.8834203375163,7,Arsenal,True,False
2,country_b25_g1.4_c220,0.44670171652892415,0.6782181038083893,0.3263374485596708,0.2391636746411331,0.18087812498664807,12,0.6195611436192935,False,Slavia Praha<=Como,814.1657718120254,7,Arsenal,True,False
2,country_b35_g1.4_c260,0.4466829661377776,0.6781463005443404,0.3263374485596708,0.2391710218018229,0.18110908226262054,13,0.6196136427302997,False,Slavia Praha<=Como,812.9720779906174,7,Arsenal,True,False
2,country_b30_g1.6_c260,0.44605783256972614,0.6779550550253083,0.3263374485596708,0.23924464998176506,0.181008341584027,13,0.6186020967920195,False,Slavia Praha<=Como,822.9243225923648,7,Arsenal,True,False
2,country_b35_g2.0_c360,0.4454647015495011,0.6778048978782479,0.3263374485596708,0.23956753479674342,0.18542281552122178,11,0.6165580341964252,False,Galatasaray<=Como;Shakhtar Donetsk<=Como;Slavia Praha<=Como,862.1170662337674,4,Arsenal,True,False
2,country_b30_g1.4_c260,0.44510365259311585,0.6774799952445029,0.3263374485596708,0.23974157338795157,0.18185150615782059,14,0.619030980776611,False,Slavia Praha<=Como,829.3063351804639,7,Arsenal,True,False
2,country_b20_g1.6_c220,0.44469358866271186,0.6776454175824727,0.3263374485596708,0.23960750094932415,0.18314839220554474,13,0.6179762081220967,False,Slavia Praha<=Como,838.3157894736842,7,Arsenal,True,False
2,country_b25_g1.2_c220,0.4446126916326088,0.6774317207729227,0.3263374485596708,0.23997879273440373,0.18444912879277817,15,0.620412246637954,False,Slavia Praha<=Como,817.4890018324595,7,Arsenal,True,False
2,country_b25_g1.6_c260,0.44452342442915,0.677471272892817,0.3263374485596708,0.23984586692844925,0.18360989762148264,13,0.6177603878731871,False,Galatasaray<=Como;Shakhtar Donetsk<=Como;Slavia Praha<=Como,847.1125115429339,4,Arsenal,True,False
2,country_b20_g1.4_c220,0.4445188453310687,0.6773611958037634,0.3242798353909465,0.24017958942349646,0.18249364512086538,14,0.6187202611018839,False,Slavia Praha<=Como,838.3157894736842,7,Arsenal,True,False
2,country_b35_g1.6_c300,0.4444781838247968,0.677212366637633,0.3263374485596708,0.2397463936009694,0.18325640411140254,13,0.6181296547483323,False,Slavia Praha<=Como,835.8661826164674,7,Arsenal,True,False
2,country_b25_g2.0_c300,0.44436314404876803,0.6772033569133497,0.3263374485596708,0.24013808638287207,0.18733211343477058,12,0.6161789519541513,False,Galatasaray<=Como;Shakhtar Donetsk<=Como;Slavia Praha<=Como,875.1258998544278,4,Arsenal,True,False
2,country_b15_g2.0_c220,0.4442680845926983,0.6775965130274165,0.3242798353909465,0.23980405074173552,0.18535094741527677,12,0.6167796136363092,False,Slavia Praha<=Como,838.3157894736842,7,Arsenal,True,False
2,country_b25_g1.4_c260,0.4442343136391606,0.6770850110553223,0.3242798353909465,0.2404777227477679,0.1832067691811311,14,0.6184525709878841,False,Galatasaray<=Como;Shakhtar Donetsk<=Como;Slavia Praha<=Como,850.8460616718754,4,Arsenal,True,False
2,country_b35_g1.4_c300,0.44419832854958163,0.6770906136407379,0.3242798353909465,0.2404510176257255,0.18313148815583627,14,0.6186030968064767,False,Shakhtar Donetsk<=Como;Slavia Praha<=Como,845.0753058358134,5,Arsenal,True,False
2,country_b20_g2.0_c260,0.4441776784558659,0.6770909761287157,0.3263374485596708,0.24034367679706156,0.18654564268210405,12,0.6160221703680332,False,Galatasaray<=Como;Shakhtar Donetsk<=Como;Slavia Praha<=Como,878.3157894736842,4,Arsenal,True,False
2,country_b30_g2.0_c360,0.4440480052809706,0.6773600925262993,0.3263374485596708,0.24051068137366927,0.1871775532449729,12,0.6158760018494799,False,Benfica<=Como;Galatasaray<=Como;Shakhtar Donetsk<=Como;Slavia Praha<=Como,890.1288515120694,3,Arsenal,True,False
2,country_b35_g1.2_c260,0.44380366776777475,0.6770292394422412,0.3242798353909465,0.24011570526679238,0.1847658000622249,15,0.620307205781829,False,Slavia Praha<=Como,821.4505062359394,7,Arsenal,True,False
2,country_b30_g1.6_c300,0.4437241728137082,0.6772462454799245,0.3242798353909465,0.24004283346415248,0.1835757813753262,13,0.6175280244117662,False,Galatasaray<=Como;Shakhtar Donetsk<=Como;Slavia Praha<=Como,856.2302768555306,4,Arsenal,True,False
2,country_b30_g1.4_c300,0.44179494016002674,0.6761240911982006,0.3242798353909465,0.24107271267851418,0.18396142054611112,15,0.6182391776456498,False,Galatasaray<=Como;Shakhtar Donetsk<=Como;Slavia Praha<=Como,863.3835541629649,4,Arsenal,True,False
2,country_b20_g1.6_c260,0.44164551087148185,0.6766481978397837,0.3242798353909465,0.24102469596378365,0.1852499659161222,14,0.6170399446423226,False,Galatasaray<=Como;Shakhtar Donetsk<=Como;Slavia Praha<=Como,878.3157894736842,4,Arsenal,True,False
2,country_b15_g1.6_c220,0.4416434868199006,0.6767189590358128,0.3242798353909465,0.2407517043855899,0.18490490630461753,15,0.6179902747454334,False,Slavia Praha<=Como,838.3157894736842,7,Arsenal,True,False
2,country_b25_g1.6_c300,0.4414243318335102,0.6766149482187617,0.3242798353909465,0.24115991503508402,0.18546558059183074,15,0.6170102369608123,False,Galatasaray<=Como;Shakhtar Donetsk<=Como;Slavia Praha<=Como,883.3416027483514,4,Arsenal,True,False
2,country_b30_g1.2_c260,0.44130211341154874,0.6760077898195281,0.3242798353909465,0.24087897649194298,0.18855575636882993,15,0.6199531190888249,False,Slavia Praha<=Como,835.8361357919492,7,Arsenal,True,False
2,country_b20_g2.0_c300,0.4411410572578493,0.6764717117641442,0.3242798353909465,0.241332313141046,0.18656239913211378,12,0.6154429316448236,False,Sporting CP<=Como;Benfica<=Como;Galatasaray<=Como;Shakhtar Donetsk<=Como;Slavia Praha<=Como,918.3157894736842,2,Arsenal,True,False
2,country_b35_g1.6_c360,0.4409931892893879,0.6764453336907001,0.3242798353909465,0.24116726219577378,0.18556438693753025,15,0.6170560512993278,False,Galatasaray<=Como;Shakhtar Donetsk<=Como;Slavia Praha<=Como,882.5316360529067,4,Arsenal,True,False
2,country_b20_g1.2_c220,0.44098854527780756,0.6758693561034494,0.3242798353909465,0.24092842649751467,0.1879000045704117,15,0.6198777335377469,False,Slavia Praha<=Como,838.3157894736842,7,Arsenal,True,False
2,country_b25_g2.0_c360,0.44040396864961256,0.6760823810896209,0.3242798353909465,0.24147558277449618,0.1869275530183944,12,0.615450061454132,False,Sporting CP<=Como;Benfica<=Como;Galatasaray<=Como;Shakhtar Donetsk<=Como;Slavia Praha<=Como,928.1408138588041,2,Arsenal,True,False
2,country_b15_g1.4_c220,0.4399939040744918,0.6756970733931472,0.3242798353909465,0.24146904261246893,0.18257197653993418,15,0.6189986294243801,False,Slavia Praha<=Como,838.3157894736842,7,Arsenal,True,False
2,country_b15_g2.0_c260,0.4399777493799322,0.6759963858739519,0.3242798353909465,0.2411484775507576,0.1890097108949164,14,0.6160528348523376,False,Galatasaray<=Como;Shakhtar Donetsk<=Como;Slavia Praha<=Como,878.3157894736842,4,Arsenal,True,False
2,country_b20_g1.4_c260,0.4393071999260471,0.6752809139437583,0.3242798353909465,0.24187230296382167,0.18320445419638243,15,0.6180336446054885,False,Galatasaray<=Como;Shakhtar Donetsk<=Como;Slavia Praha<=Como,878.3157894736842,4,Arsenal,True,False
2,country_b25_g1.2_c260,0.438675802301262,0.6749114987348079,0.3222222222222222,0.24174737474417482,0.18962319221118978,17,0.6196441971194155,False,Galatasaray<=Como;Shakhtar Donetsk<=Como;Slavia Praha<=Como,854.6261095941202,4,Arsenal,True,False
2,country_b30_g1.6_c360,0.43835414541669065,0.6752906562520075,0.3242798353909465,0.24230680199206636,0.18830238983333275,16,0.6168702251997454,False,Sporting CP<=Como;Benfica<=Como;Galatasaray<=Como;Shakhtar Donetsk<=Como;Slavia Praha<=Como,906.1892082502794,2,Arsenal,True,False
2,country_b35_g1.2_c300,0.43819058837206376,0.6746973903871966,0.3222222222222222,0.2419296469584985,0.18980157551025797,17,0.6196687178261111,False,Galatasaray<=Como;Shakhtar Donetsk<=Como;Slavia Praha<=Como,854.5783501392777,4,Arsenal,True,False
2,country_b25_g1.4_c300,0.43797597206323163,0.6747334282126661,0.3222222222222222,0.24227399993920962,0.1835125802201126,15,0.6179958351120577,False,Galatasaray<=Como;Shakhtar Donetsk<=Como;Slavia Praha<=Como,887.5263515317255,4,Arsenal,True,False
2,country_b25_g1.0_c220,0.4378678410855821,0.6747231965833403,0.3242798353909465,0.24175031843513853,0.1876202021520295,17,0.6218594376570996,False,Slavia Praha<=Como,820.8536195019817,7,Arsenal,True,False
2,country_b20_g1.6_c300,0.4372219857479159,0.6749244695319653,0.3222222222222222,0.24261835291992076,0.18823497561303398,16,0.6168402978046023,False,Sporting CP<=Como;Benfica<=Como;Galatasaray<=Como;Shakhtar Donetsk<=Como;Slavia Praha<=Como,918.3157894736842,2,Arsenal,True,False
2,country_b35_g1.4_c360,0.4370913046005809,0.6742951630288262,0.3222222222222222,0.2426061855462132,0.18380286221710543,17,0.618023041543237,False,Benfica<=Como;Galatasaray<=Como;Shakhtar Donetsk<=Como;Slavia Praha<=Como,893.2301476036076,3,Arsenal,True,False
2,country_b25_g0.8_c180,0.43618971062489414,0.6741375597375244,0.3263374485596708,0.242199328723797,0.18786256862576783,18,0.6246897012646954,True,,786.1922581557782,8,Arsenal,False,False
2,country_b15_g2.0_c300,0.435962238697518,0.6742530322464506,0.3201646090534979,0.24244697136150814,0.19050069572542208,15,0.6161473055319169,False,Sporting CP<=Como;Benfica<=Como;Galatasaray<=Como;Shakhtar Donetsk<=Como;Slavia Praha<=Como,918.3157894736842,2,Arsenal,True,False
2,country_b35_g1.0_c260,0.43585489480827316,0.6739749357038832,0.3222222222222222,0.2423663597883258,0.18866104415393198,18,0.6217279984024575,False,Slavia Praha<=Como,830.1995344897671,7,Arsenal,False,False
2,country_b15_g1.6_c260,0.4355639425436281,0.6742362634776922,0.3160493827160494,0.24244921165101183,0.1854803845826677,16,0.6176102157707023,False,Galatasaray<=Como;Shakhtar Donetsk<=Como;Slavia Praha<=Como,878.3157894736842,4,Arsenal,True,False
2,country_b20_g2.0_c360,0.4353359706909777,0.6734666072075276,0.3201646090534979,0.24290887891325527,0.19050596788308238,15,0.615802413558202,False,Arsenal<=Como;Sporting CP<=Como;Benfica<=Como;Galatasaray<=Como;Shakhtar Donetsk<=Como;Slavia Praha<=Como,978.3157894736842,1,Como,True,False
2,country_b30_g1.2_c300,0.43494085634471763,0.6734365057102577,0.3222222222222222,0.24295064212412684,0.18871734696533077,18,0.6195485360353793,False,Galatasaray<=Como;Shakhtar Donetsk<=Como;Slavia Praha<=Como,870.7024796416314,4,Arsenal,False,False
2,country_b25_g1.6_c360,0.43431709984194855,0.6733365218837314,0.3160493827160494,0.2434293806895547,0.18619657716298618,16,0.6169959733972216,False,Arsenal<=Como;Sporting CP<=Como;Benfica<=Como;Galatasaray<=Como;Shakhtar Donetsk<=Como;Slavia Praha<=Como,937.6852395564778,1,Como,True,False
2,country_b15_g1.2_c220,0.43380762721138133,0.6729957841546431,0.3222222222222222,0.2427670931920066,0.18869689016497893,18,0.6204171615847759,False,Slavia Praha<=Como,838.3157894736842,7,Arsenal,False,False
2,country_b30_g1.4_c360,0.4335512691710015,0.6729572374853153,0.3160493827160494,0.24366362985712206,0.1849155075882429,17,0.6180970654121029,False,Sporting CP<=Como;Benfica<=Como;Galatasaray<=Como;Shakhtar Donetsk<=Como;Slavia Praha<=Como,914.4993826367164,2,Arsenal,True,False
2,country_b20_g1.0_c220,0.4334839617184327,0.6729233721910984,0.3222222222222222,0.2430821611271612,0.1892219696195799,18,0.6216311401227549,False,Slavia Praha<=Como,838.3157894736842,7,Arsenal,False,False
2,country_b20_g0.8_c180,0.4333725551777288,0.6729851181229565,0.3242798353909465,0.24287782094284716,0.18978889229403983,19,0.6244458187604179,True,,798.3157894736842,8,Arsenal,False,False
2,country_b30_g1.0_c260,0.43333422542233285,0.6729198859874473,0.3201646090534979,0.24308922162968272,0.18960819401022297,19,0.6216053373430072,False,Slavia Praha<=Como,842.5171467484721,7,Arsenal,False,False
2,country_b20_g1.2_c260,0.4332289324964169,0.6729853406912488,0.3201646090534979,0.24316469984375788,0.18812460211199633,18,0.6195309875023085,False,Galatasaray<=Como;Shakhtar Donetsk<=Como;Slavia Praha<=Como,878.3157894736842,4,Arsenal,False,False
2,country_b20_g1.4_c300,0.43247198002450776,0.6726511625168133,0.3160493827160494,0.2438206037523234,0.18679555227728856,17,0.6181209785281817,False,Sporting CP<=Como;Benfica<=Como;Galatasaray<=Como;Shakhtar Donetsk<=Como;Slavia Praha<=Como,918.3157894736842,2,Arsenal,True,False
2,country_b35_g0.8_c220,0.4320591469331981,0.6725003838636908,0.3242798353909465,0.24320872983205422,0.1903062447749383,19,0.6243576873546631,True,,803.9515737149029,8,Arsenal,False,False
2,country_b15_g1.6_c300,0.43205158972860774,0.6724190926826559,0.3160493827160494,0.243788114845556,0.1875529096367455,17,0.6180984905146807,False,Sporting CP<=Como;Benfica<=Como;Galatasaray<=Como;Shakhtar Donetsk<=Como;Slavia Praha<=Como,918.3157894736842,2,Arsenal,True,False
2,country_b15_g1.4_c260,0.4317987025574357,0.6725828266620172,0.3160493827160494,0.243485447966435,0.18983612937657382,18,0.6188769207820877,False,Galatasaray<=Como;Shakhtar Donetsk<=Como;Slavia Praha<=Como,878.3157894736842,4,Arsenal,False,False
2,country_b20_g0.6_c140,0.43133861706818105,0.6721030708839552,0.3242798353909465,0.24274624896397057,0.19361216470106593,18,0.6279629004322916,True,,758.3157894736842,9,Arsenal,False,False
2,country_b30_g0.8_c220,0.43084181229684587,0.6718531960653472,0.3201646090534979,0.24366680723041179,0.19130249095207372,22,0.6242587920660027,False,Slavia Praha<=Como,812.8530316701958,7,Arsenal,False,False
2,country_b20_g1.6_c360,0.4303816284457438,0.6710886453426403,0.3160493827160494,0.24453119462277026,0.1878153703852598,17,0.6178786254842911,False,Arsenal<=Como;Sporting CP<=Como;Benfica<=Como;Galatasaray<=Como;Shakhtar Donetsk<=Como;Slavia Praha<=Como,978.3157894736842,1,Como,True,False
2,country_b25_g1.2_c300,0.42954942882865227,0.6714627104072073,0.3181069958847737,0.24429957600007732,0.19046922073703262,19,0.6195827782491015,False,Benfica<=Como;Galatasaray<=Como;Shakhtar Donetsk<=Como;Slavia Praha<=Como,891.7632173557806,3,Arsenal,False,False
2,country_b25_g1.4_c360,0.42930212344412694,0.6711814807479543,0.3160493827160494,0.24465127614147822,0.1907458898986521,19,0.6185062693762018,False,Arsenal<=Como;Sporting CP<=Como;Benfica<=Como;Galatasaray<=Como;Shakhtar Donetsk<=Como;Slavia Praha<=Como,942.5467863215006,1,Como,False,False
2,country_b15_g0.8_c180,0.429104164503854,0.6711396032943947,0.3201646090534979,0.243877191369698,0.19145243929865285,21,0.6249944639036238,True,,798.3157894736842,8,Arsenal,False,False
2,country_b15_g2.0_c360,0.42864283619615945,0.6707691444583425,0.3181069958847737,0.244518636993692,0.1944379694787128,17,0.617774428304281,False,Arsenal<=Como;Sporting CP<=Como;Benfica<=Como;Galatasaray<=Como;Shakhtar Donetsk<=Como;Slavia Praha<=Como,978.3157894736842,1,Como,True,False
2,country_b25_g0.8_c220,0.4279109261902467,0.6705907178415905,0.3201646090534979,0.24444250599951708,0.1922152733837736,23,0.6241985118401358,False,Slavia Praha<=Como,824.2601402641474,7,Arsenal,False,False
2,country_b15_g0.6_c140,0.42766143259873185,0.6706787157016508,0.3222222222222222,0.24382899159400173,0.19461945755039137,20,0.6283370020282334,True,,758.3157894736842,9,Arsenal,False,False
2,country_b25_g1.0_c260,0.42765003819130776,0.6705919487325925,0.3181069958847737,0.24469517604465096,0.19205898342908542,20,0.6215652968317442,False,Galatasaray<=Como;Shakhtar Donetsk<=Como;Slavia Praha<=Como,858.4532343951784,4,Arsenal,False,False
2,country_b35_g1.2_c360,0.42755692218110647,0.6705091050414622,0.3160493827160494,0.24502681482323915,0.19057896240778094,21,0.6197622990666317,False,Benfica<=Como;Galatasaray<=Como;Shakhtar Donetsk<=Como;Slavia Praha<=Como,904.2701159942852,3,Arsenal,False,False
2,country_b35_g0.6_c180,0.42681100152564294,0.6702722863204319,0.3222222222222222,0.24438060196206957,0.19542443264423695,21,0.6276385068462318,True,,775.7399889202335,8,Arsenal,False,False
2,country_b15_g1.0_c220,0.4260777878243524,0.6700602905514002,0.3160493827160494,0.2448602005020021,0.1925589476296848,22,0.6224170436364312,False,Slavia Praha<=Como,838.3157894736842,7,Arsenal,False,False
2,country_b35_g1.0_c300,0.42604539775107114,0.6699835402503657,0.3181069958847737,0.24506381079693507,0.19265857224739832,22,0.6216161511720745,False,Galatasaray<=Como;Shakhtar Donetsk<=Como;Slavia Praha<=Como,864.3846963985927,4,Arsenal,False,False
2,country_b30_g0.6_c180,0.42517944337301466,0.6695581670038147,0.3222222222222222,0.24485874072323988,0.19622122501794179,21,0.6275799880106542,True,,781.6567604416757,8,Arsenal,False,False
2,country_b15_g1.4_c300,0.42516646171609346,0.6698282978497693,0.3160493827160494,0.2454143907935841,0.190711457737351,22,0.6196542998851776,False,Sporting CP<=Como;Benfica<=Como;Galatasaray<=Como;Shakhtar Donetsk<=Como;Slavia Praha<=Como,918.3157894736842,2,Arsenal,False,False
2,country_b15_g1.2_c260,0.4246818542730826,0.6695844224571074,0.3160493827160494,0.24536012057499457,0.19104353634377158,23,0.6206392444339085,False,Galatasaray<=Como;Shakhtar Donetsk<=Como;Slavia Praha<=Como,878.3157894736842,4,Arsenal,False,False
2,country_b20_g1.2_c300,0.42433164338204316,0.669237427561313,0.3160493827160494,0.24574868660496776,0.19152672596808248,23,0.6200036757835327,False,Sporting CP<=Como;Benfica<=Como;Galatasaray<=Como;Shakhtar Donetsk<=Como;Slavia Praha<=Como,918.3157894736842,2,Arsenal,False,False
2,country_b20_g1.0_c260,0.4239879071578425,0.6691628900369317,0.3160493827160494,0.2456224816675244,0.191914744860326,23,0.6217530141738092,False,Galatasaray<=Como;Shakhtar Donetsk<=Como;Slavia Praha<=Como,878.3157894736842,4,Arsenal,False,False
2,country_b30_g1.2_c360,0.42380681644573004,0.6689690538707551,0.3160493827160494,0.24590396703908082,0.19127781331823154,23,0.6200976741009603,False,Sporting CP<=Como;Benfica<=Como;Galatasaray<=Como;Shakhtar Donetsk<=Como;Slavia Praha<=Como,923.0019954161547,2,Arsenal,False,False
2,country_b20_g0.8_c220,0.4237661848166971,0.668880328512998,0.3181069958847737,0.24564152648278773,0.1950467638571841,25,0.6242629657914603,False,Slavia Praha<=Como,838.3157894736842,7,Arsenal,False,False
2,country_b30_g1.0_c300,0.423549471442042,0.6690025627214417,0.3160493827160494,0.24563449246818733,0.19238418181796996,24,0.6217387565950595,False,Galatasaray<=Como;Shakhtar Donetsk<=Como;Slavia Praha<=Como,878.1908891999476,4,Arsenal,False,False
2,country_b35_g0.8_c260,0.42315637551909807,0.6685755414293043,0.3181069958847737,0.24572969241106477,0.1952906089173782,25,0.6242595053216308,False,Slavia Praha<=Como,839.2277993015268,7,Arsenal,False,False
2,country_b25_g0.6_c180,0.4228856458173155,0.6684411898911247,0.3160493827160494,0.24554486676114803,0.1969582835346192,21,0.6275376440448492,True,,789.1671048383613,8,Arsenal,False,False
2,country_b20_g1.4_c360,0.4224223569891336,0.6678802036021274,0.3181069958847737,0.24626569786188804,0.1914792014545562,23,0.6196602661054658,False,Arsenal<=Como;Sporting CP<=Como;Benfica<=Como;Galatasaray<=Como;Shakhtar Donetsk<=Como;Slavia Praha<=Como,978.3157894736842,1,Como,False,False
2,country_b15_g1.6_c360,0.4212288114727867,0.6675692184356249,0.3201646090534979,0.24656440450249595,0.1921408675987976,23,0.6204067509502833,False,Arsenal<=Como;Sporting CP<=Como;Benfica<=Como;Galatasaray<=Como;Shakhtar Donetsk<=Como;Slavia Praha<=Como,978.3157894736842,1,Como,False,False
2,country_b20_g0.6_c180,0.42049556123353066,0.6674910280861268,0.3160493827160494,0.24597269554224188,0.19794941551166667,23,0.6275601375597314,True,,798.3157894736842,8,Arsenal,False,False
2,country_b30_g0.8_c260,0.42011295365736645,0.6672998818605941,0.3160493827160494,0.24656276166276792,0.19605753436256934,25,0.624360579853442,False,Slavia Praha<=Como,849.3528696222558,6,Arsenal,False,False
2,country_b25_g1.0_c300,0.41916421316628333,0.6672276805091185,0.3160493827160494,0.24705549114811529,0.19298325015313467,25,0.6220450696007772,False,Benfica<=Como;Galatasaray<=Como;Shakhtar Donetsk<=Como;Slavia Praha<=Como,896.0528492883751,3,Arsenal,False,False
2,country_b25_g1.2_c360,0.41841190308720705,0.6668247532624073,0.3181069958847737,0.24726689183495085,0.1944526155119774,23,0.6207875034422478,False,Arsenal<=Como;Sporting CP<=Como;Benfica<=Como;Galatasaray<=Como;Shakhtar Donetsk<=Como;Slavia Praha<=Como,947.4688789982715,1,Como,False,False
2,country_b15_g1.2_c300,0.4175323679650027,0.6668931380782147,0.3181069958847737,0.24726136822047295,0.19562883492177796,23,0.6217981797441475,False,Sporting CP<=Como;Benfica<=Como;Galatasaray<=Como;Shakhtar Donetsk<=Como;Slavia Praha<=Como,918.3157894736842,2,Arsenal,False,False
2,country_b35_g0.6_c220,0.417063161013764,0.6662377103564467,0.3181069958847737,0.24686029518278174,0.19859230801001554,26,0.6276456836250524,False,Slavia Praha<=Como,812.1421008937651,7,Arsenal,False,False
2,country_b15_g1.0_c260,0.4164443830574404,0.6663140734940659,0.3139917695473251,0.24758307991485728,0.1946606145611246,25,0.6231039631497001,False,Galatasaray<=Como;Shakhtar Donetsk<=Como;Slavia Praha<=Como,878.3157894736842,4,Arsenal,False,False
2,country_b15_g0.8_c220,0.41638408914661507,0.6659029632860477,0.3160493827160494,0.24753204004539972,0.19832339430625098,25,0.6252607071778747,False,Slavia Praha<=Como,838.3157894736842,7,Arsenal,False,False
2,country_b25_g0.8_c260,0.41618902540365466,0.6657169655599571,0.3160493827160494,0.24766019861417857,0.19856519368640996,26,0.6245758214645183,False,Galatasaray<=Como;Shakhtar Donetsk<=Como;Slavia Praha<=Como,862.3280223725167,4,Arsenal,False,False
2,country_b15_g0.6_c180,0.4158199485225464,0.6657562641059144,0.3181069958847737,0.24702122931649625,0.19830754934911768,25,0.6282727216732661,True,,798.3157894736842,8,Arsenal,False,False
2,country_b35_g1.0_c360,0.4148987843884064,0.6656401383059967,0.3139917695473251,0.24830354489366582,0.19564970085813688,25,0.6226416290037126,False,Sporting CP<=Como;Benfica<=Como;Galatasaray<=Como;Shakhtar Donetsk<=Como;Slavia Praha<=Como,915.6624392618312,2,Arsenal,False,False
2,country_b30_g0.6_c220,0.4147793761343453,0.6652857803454258,0.3160493827160494,0.24745202827647494,0.19922646882092312,27,0.6277420019677215,False,Slavia Praha<=Como,819.0018237564874,7,Arsenal,False,False
2,country_b20_g1.0_c300,0.41420683323072366,0.6654101684759964,0.3139917695473251,0.24840809860441068,0.1958450633014971,25,0.6227511200101113,False,Sporting CP<=Como;Benfica<=Como;Galatasaray<=Como;Shakhtar Donetsk<=Como;Slavia Praha<=Como,918.3157894736842,2,Arsenal,False,False
2,country_b15_g1.4_c360,0.4139178617154548,0.6646750593945977,0.31193415637860084,0.24830286798012682,0.19533526171045004,24,0.6224547866424316,False,Arsenal<=Como;Sporting CP<=Como;Benfica<=Como;Galatasaray<=Como;Shakhtar Donetsk<=Como;Slavia Praha<=Como,978.3157894736842,1,Como,False,False
2,country_b35_g0.8_c300,0.4128710696948356,0.6645014855652221,0.31193415637860084,0.2486368241575001,0.19986051828468954,27,0.6249043982945334,False,Galatasaray<=Como;Shakhtar Donetsk<=Como;Slavia Praha<=Como,874.5040248881508,4,Arsenal,False,False
2,country_b20_g1.2_c360,0.4126474850954778,0.6640918684482235,0.3139917695473251,0.24860649843095503,0.1971888705166106,24,0.6222065563733906,False,Arsenal<=Como;Sporting CP<=Como;Benfica<=Como;Galatasaray<=Como;Shakhtar Donetsk<=Como;Slavia Praha<=Como,978.3157894736842,1,Como,False,False
2,country_b20_g0.8_c260,0.4122886997947712,0.6645483092267642,0.3160493827160494,0.24871396934474252,0.20013279829737274,27,0.6250428961418956,False,Galatasaray<=Como;Shakhtar Donetsk<=Como;Slavia Praha<=Como,878.3157894736842,4,Arsenal,False,False
2,country_b30_g1.0_c360,0.41204394503240666,0.6644610096633411,0.3139917695473251,0.2489670561331682,0.19684130947863254,25,0.6232301390192178,False,Sporting CP<=Como;Benfica<=Como;Galatasaray<=Como;Shakhtar Donetsk<=Como;Slavia Praha<=Como,931.7015028771607,2,Arsenal,False,False
2,country_b25_g0.6_c220,0.41144991026043987,0.6637938052997127,0.3160493827160494,0.24833045721011315,0.19968106553517254,27,0.6279073295865697,False,Slavia Praha<=Como,827.709085981868,7,Arsenal,False,False
2,country_b30_g0.8_c300,0.410349841223323,0.6636148182035676,0.3160493827160494,0.2492418447696528,0.20085001371770886,27,0.6252556084595732,False,Galatasaray<=Como;Shakhtar Donetsk<=Como;Slavia Praha<=Como,885.8527075743157,4,Arsenal,False,False
2,country_b15_g1.0_c300,0.40829320607798264,0.6631796459330875,0.31193415637860084,0.2497198534456995,0.19870758337473246,26,0.6247753336667786,False,Sporting CP<=Como;Benfica<=Como;Galatasaray<=Como;Shakhtar Donetsk<=Como;Slavia Praha<=Como,918.3157894736842,2,Arsenal,False,False
2,country_b25_g1.0_c360,0.4077073242309444,0.6625127159021998,0.3139917695473251,0.2501123797141858,0.19861123184507523,26,0.6241858771399349,False,Arsenal<=Como;Sporting CP<=Como;Benfica<=Como;Galatasaray<=Como;Shakhtar Donetsk<=Como;Slavia Praha<=Como,952.4522716281703,1,Como,False,False
2,country_b25_g0.8_c300,0.4062846620400939,0.6619013255050895,0.3139917695473251,0.25034068852398356,0.20221836909324453,27,0.6258123064755802,False,Benfica<=Como;Galatasaray<=Como;Shakhtar Donetsk<=Como;Slavia Praha<=Como,900.395904480886,3,Arsenal,False,False
2,country_b20_g0.6_c220,0.40620887894946006,0.6613012487220504,0.3181069958847737,0.24972107718765382,0.2041303445171179,28,0.6282253375501218,False,Slavia Praha<=Como,838.3157894736842,7,Arsenal,False,False
2,country_b15_g1.2_c360,0.40473798891297785,0.6609613927749388,0.3098765432098765,0.25050787616155695,0.19885869439262271,26,0.625242458359002,False,Arsenal<=Como;Sporting CP<=Como;Benfica<=Como;Galatasaray<=Como;Shakhtar Donetsk<=Como;Slavia Praha<=Como,978.3157894736842,1,Como,False,False
2,country_b15_g0.8_c260,0.403981963558058,0.6612563727507933,0.3139917695473251,0.25046262007682446,0.2025790224834478,28,0.6265892998153318,False,Galatasaray<=Como;Shakhtar Donetsk<=Como;Slavia Praha<=Como,878.3157894736842,4,Arsenal,False,False
2,country_b35_g0.6_c260,0.40218544465622363,0.6595052058289959,0.3160493827160494,0.2507194575548764,0.2067977714517065,28,0.6285310649677495,False,Slavia Praha<=Como,848.5442128672967,7,Arsenal,False,False
2,country_b20_g1.0_c360,0.4009246965583449,0.6594209328370771,0.31193415637860084,0.25177356791945077,0.20266747095555138,28,0.6258484660607889,False,Arsenal<=Como;Sporting CP<=Como;Benfica<=Como;Galatasaray<=Como;Shakhtar Donetsk<=Como;Slavia Praha<=Como,978.3157894736842,1,Como,False,False
2,country_b20_g0.8_c300,0.39988227173278573,0.6592862400755494,0.3139917695473251,0.2516829786407044,0.20430659927316214,29,0.6267722279514163,False,Sporting CP<=Como;Benfica<=Como;Galatasaray<=Como;Shakhtar Donetsk<=Como;Slavia Praha<=Como,918.3157894736842,2,Arsenal,False,False
2,country_b15_g0.6_c220,0.3996259356312271,0.658710054014589,0.3160493827160494,0.25126429407859097,0.20751432655760085,28,0.6293634147864714,False,Slavia Praha<=Como,838.3157894736842,7,Arsenal,False,False
2,country_b30_g0.6_c260,0.39925458120130886,0.6583279602794198,0.3160493827160494,0.25142324809304895,0.20749493920769777,30,0.6288273907543754,False,Galatasaray<=Como;Shakhtar Donetsk<=Como;Slavia Praha<=Como,856.346887071299,4,Arsenal,False,False
2,country_b35_g0.8_c360,0.39776761895138096,0.6583513497473643,0.3098765432098765,0.25210007333893186,0.2057074809612573,29,0.6272444036265209,False,Sporting CP<=Como;Benfica<=Como;Galatasaray<=Como;Shakhtar Donetsk<=Como;Slavia Praha<=Como,927.4183632680866,2,Arsenal,False,False
2,country_b25_g0.6_c260,0.3965167647298305,0.6575271618019032,0.3098765432098765,0.252129722151938,0.2092554048355474,32,0.6292590143525697,False,Galatasaray<=Como;Shakhtar Donetsk<=Como;Slavia Praha<=Como,866.2510671253747,4,Arsenal,False,False
2,country_b30_g0.8_c360,0.39455981128740686,0.65688650985493,0.3098765432098765,0.2530292289959382,0.2050661421439478,30,0.6280599807029775,False,Arsenal<=Como;Sporting CP<=Como;Benfica<=Como;Galatasaray<=Como;Shakhtar Donetsk<=Como;Slavia Praha<=Como,940.6024645024055,1,Como,False,False
2,country_b15_g1.0_c360,0.39353264848501285,0.6559564799313985,0.3078189300411523,0.2533359861986959,0.20591539714741572,30,0.6290776906100045,False,Arsenal<=Como;Sporting CP<=Como;Benfica<=Como;Galatasaray<=Como;Shakhtar Donetsk<=Como;Slavia Praha<=Como,978.3157894736842,1,Como,False,False
2,country_b15_g0.8_c300,0.39339572063647354,0.656419497564381,0.3078189300411523,0.2528223618639523,0.2052529593415914,30,0.6289643101100543,False,Sporting CP<=Como;Benfica<=Como;Galatasaray<=Como;Shakhtar Donetsk<=Como;Slavia Praha<=Como,918.3157894736842,2,Arsenal,False,False
2,country_b20_g0.6_c260,0.39088267091595474,0.655564303395514,0.31193415637860084,0.25341211483838894,0.21309225382538932,33,0.6299517291253447,False,Galatasaray<=Como;Shakhtar Donetsk<=Como;Slavia Praha<=Como,878.3157894736842,4,Arsenal,False,False
2,country_b25_g0.8_c360,0.38984257627534097,0.6545637403219544,0.3098765432098765,0.25380167092799044,0.2065229175074347,31,0.6292452925426757,False,Arsenal<=Como;Sporting CP<=Como;Benfica<=Como;Galatasaray<=Como;Shakhtar Donetsk<=Como;Slavia Praha<=Como,957.4977276434399,1,Como,False,False
2,country_b35_g0.6_c300,0.3888761629673012,0.654740398018366,0.31193415637860084,0.25386821211749,0.21354705510764227,33,0.6302879084263214,False,Galatasaray<=Como;Shakhtar Donetsk<=Como;Slavia Praha<=Como,884.9463248408283,4,Arsenal,False,False
2,country_b30_g0.6_c300,0.3854467870585596,0.6530173299904068,0.3098765432098765,0.2547616220306759,0.21367500333070372,34,0.6308278302007811,False,Benfica<=Como;Galatasaray<=Como;Shakhtar Donetsk<=Como;Slavia Praha<=Como,893.6919503861106,3,Arsenal,False,False
2,country_b20_g0.8_c360,0.3842481159375329,0.6521926004834452,0.3037037037037037,0.25517334968747024,0.20856425500411532,31,0.631102559813629,False,Arsenal<=Como;Sporting CP<=Como;Benfica<=Como;Galatasaray<=Como;Shakhtar Donetsk<=Como;Slavia Praha<=Como,978.3157894736842,1,Como,False,False
2,country_b15_g0.6_c260,0.3841690027850158,0.6527614964306441,0.3037037037037037,0.25487620642282716,0.21431648197930675,34,0.6316006521404675,False,Galatasaray<=Como;Shakhtar Donetsk<=Como;Slavia Praha<=Como,878.3157894736842,4,Arsenal,False,False
2,country_b25_g0.6_c300,0.3819199868463079,0.6518609297629078,0.3037037037037037,0.25567691685288646,0.2156310359699171,36,0.6315821100128253,False,Benfica<=Como;Galatasaray<=Como;Shakhtar Donetsk<=Como;Slavia Praha<=Como,904.7930482688814,3,Arsenal,False,False
2,country_b20_g0.6_c300,0.37558468306829584,0.6494624333416462,0.305761316872428,0.2572659101690504,0.21832878557945762,36,0.6327253272120617,False,Sporting CP<=Como;Benfica<=Como;Galatasaray<=Como;Shakhtar Donetsk<=Como;Slavia Praha<=Como,918.3157894736842,2,Arsenal,False,False
2,country_b15_g0.8_c360,0.37530979603284004,0.6486433154403555,0.3016460905349794,0.25688935493974013,0.21556108407058736,34,0.6344375967070776,False,Arsenal<=Como;Sporting CP<=Como;Benfica<=Como;Galatasaray<=Como;Shakhtar Donetsk<=Como;Slavia Praha<=Como,978.3157894736842,1,Como,False,False
2,country_b15_g0.6_c300,0.3692666896561123,0.6470784063297276,0.3037037037037037,0.25817200779643823,0.22264805253202752,38,0.6349679970241983,False,Sporting CP<=Como;Benfica<=Como;Galatasaray<=Como;Shakhtar Donetsk<=Como;Slavia Praha<=Como,918.3157894736842,2,Arsenal,False,False
2,country_b35_g0.6_c360,0.3689398837935031,0.6467643802807302,0.3037037037037037,0.25857964512959586,0.222607594677762,38,0.6345306564608711,False,Arsenal<=Como;Sporting CP<=Como;Benfica<=Como;Galatasaray<=Como;Shakhtar Donetsk<=Como;Slavia Praha<=Como,939.5494928011257,1,Como,False,False
2,country_b30_g0.6_c360,0.366041270861804,0.6452780878103811,0.3037037037037037,0.2591569705600778,0.22357090540633096,38,0.6355131755935064,False,Arsenal<=Como;Sporting CP<=Como;Benfica<=Como;Galatasaray<=Como;Shakhtar Donetsk<=Como;Slavia Praha<=Como,949.709545358328,1,Como,False,False
2,country_b25_g0.6_c360,0.36250457339619574,0.6435632818794061,0.3037037037037037,0.26012864580525796,0.22395231338575192,38,0.6368507516472041,False,Arsenal<=Como;Sporting CP<=Como;Benfica<=Como;Galatasaray<=Como;Shakhtar Donetsk<=Como;Slavia Praha<=Como,962.6060199841413,1,Como,False,False
2,country_b20_g0.6_c360,0.35710838918593196,0.6411932914451288,0.29958847736625516,0.26111472871364944,0.22571180278401515,40,0.6388024796094934,False,Arsenal<=Como;Sporting CP<=Como;Benfica<=Como;Galatasaray<=Como;Shakhtar Donetsk<=Como;Slavia Praha<=Como,978.3157894736842,1,Como,False,False
2,country_b15_g0.6_c360,0.35024423921895315,0.6386702205369085,0.2954732510288066,0.2624904977967659,0.23028412035693752,42,0.6420841256708676,False,Arsenal<=Como;Sporting CP<=Como;Benfica<=Como;Galatasaray<=Como;Shakhtar Donetsk<=Como;Slavia Praha<=Como,978.3157894736842,1,Como,False,False
