country_code,source_team_id,source_club_key,source_team_name,ao_club_id,identity_method,identity_score,runner_up_score,identity_ambiguous
ALB,133977,THESPORTSDB:133977,Skenderbeu,,NO_AO_COUNTERPART,0.3846153846153846,0.2666666666666666,False
ALB,134104,THESPORTSDB:134104,Flamurtari Vlorë,,NO_AO_COUNTERPART,0.4375,0.4324324324324324,False
ALB,134349,THESPORTSDB:134349,Laci,,NO_AO_COUNTERPART,0.8571428571428571,0.5,False
ALB,137800,THESPORTSDB:137800,KF Vllaznia Shkodër,,NO_AO_COUNTERPART,0.9142857142857144,0.4615384615384615,False
ALB,137802,THESPORTSDB:137802,KF Bylis,,NO_AO_COUNTERPART,0.6666666666666666,0.4705882352941176,False
ALB,140090,THESPORTSDB:140090,Apolonia,,NO_AO_COUNTERPART,0.5,0.4285714285714285,False
ALB,140091,THESPORTSDB:140091,Kastrioti,,NO_AO_COUNTERPART,0.4444444444444444,0.4,False
ALB,140663,THESPORTSDB:140663,Besa Kavajë,,NO_AO_COUNTERPART,0.375,0.3333333333333333,False
ALB,140664,THESPORTSDB:140664,Besëlidhja,,NO_AO_COUNTERPART,0.375,0.3529411764705882,False
ALB,140669,THESPORTSDB:140669,Erzeni,,NO_AO_COUNTERPART,0.5333333333333333,0.4615384615384615,False
ALB,140670,THESPORTSDB:140670,Korabi,,NO_AO_COUNTERPART,0.4615384615384615,0.4,False
ALB,140674,THESPORTSDB:140674,Pogradeci,,NO_AO_COUNTERPART,0.4444444444444444,0.375,False
ALB,140675,THESPORTSDB:140675,Tomori,,NO_AO_COUNTERPART,0.4,0.3529411764705882,False
ALB,140678,THESPORTSDB:140678,Vora,,NO_AO_COUNTERPART,0.4,0.3529411764705882,False
ALB,147403,THESPORTSDB:147403,AF Elbasani,,NO_AO_COUNTERPART,0.5555555555555556,0.4,False
ALB,152587,THESPORTSDB:152587,Iliria Fushë-Krujë,,NO_AO_COUNTERPART,0.4705882352941176,0.358974358974359,False
ALB,AO:AO-UEFA-2604186,AO_CANONICAL:AO-UEFA-2604186,Kukesi,AO-UEFA-2604186,EXACT_NAME,1.0,1.0,False
ALB,AO:AO-UEFA-50049,AO_CANONICAL:AO-UEFA-50049,SK Tirana,AO-UEFA-50049,EXACT_NAME,1.0,1.0,False
ALB,AO:AO-UEFA-52792,AO_CANONICAL:AO-UEFA-52792,Dinamo Tirana,AO-UEFA-52792,EXACT_NAME,1.0,1.0,False
ALB,AO:AO-UEFA-52876,AO_CANONICAL:AO-UEFA-52876,Partizani,AO-UEFA-52876,EXACT_NAME,1.0,1.0,False
ALB,AO:AO-UEFA-59316,AO_CANONICAL:AO-UEFA-59316,KS Teuta,AO-UEFA-59316,EXACT_NAME,1.0,1.0,False
ALB,AO:AO-UEFA-88148,AO_CANONICAL:AO-UEFA-88148,Egnatia,AO-UEFA-88148,EXACT_NAME,1.0,1.0,False
ARM,137891,THESPORTSDB:137891,Lori,,NO_AO_COUNTERPART,0.3076923076923077,0.25,False
ARM,140092,THESPORTSDB:140092,Van,,NO_AO_COUNTERPART,0.3529411764705882,0.3529411764705882,False
ARM,140688,THESPORTSDB:140688,BKMA,,NO_AO_COUNTERPART,0.25,0.2352941176470588,False
ARM,140689,THESPORTSDB:140689,Lernayin Artsakh,,NO_AO_COUNTERPART,0.4,0.3636363636363636,False
ARM,140690,THESPORTSDB:140690,Noravank,,NO_AO_COUNTERPART,0.5,0.4545454545454545,False
ARM,140692,THESPORTSDB:140692,Sevan,,NO_AO_COUNTERPART,0.5,0.4210526315789473,False
ARM,140695,THESPORTSDB:140695,West Armenia,,NO_AO_COUNTERPART,0.6923076923076923,0.32,False
ARM,147563,THESPORTSDB:147563,Syunik,,NO_AO_COUNTERPART,0.8333333333333334,0.5,False
ARM,152593,THESPORTSDB:152593,Sardarapat,,NO_AO_COUNTERPART,0.48,0.4166666666666667,False
ARM,AO:AO-UEFA-2605268,AO_CANONICAL:AO-UEFA-2605268,Alashkert,AO-UEFA-2605268,EXACT_NAME,1.0,1.0,False
ARM,AO:AO-UEFA-2609987,AO_CANONICAL:AO-UEFA-2609987,Noah,AO-UEFA-2609987,EXACT_NAME,1.0,1.0,False
ARM,AO:AO-UEFA-2610304,AO_CANONICAL:AO-UEFA-2610304,Ararat-Armenia,AO-UEFA-2610304,EXACT_NAME,1.0,1.0,False
ARM,AO:AO-UEFA-59318,AO_CANONICAL:AO-UEFA-59318,Ararat Yerevan,AO-UEFA-59318,EXACT_NAME,1.0,1.0,False
ARM,AO:AO-UEFA-59877,AO_CANONICAL:AO-UEFA-59877,Shirak Gyumri,AO-UEFA-59877,EXACT_NAME,1.0,1.0,False
ARM,AO:AO-UEFA-77431,AO_CANONICAL:AO-UEFA-77431,Pyunik Yerevan,AO-UEFA-77431,EXACT_NAME,1.0,1.0,False
ARM,AO:AO-UEFA-77866,AO_CANONICAL:AO-UEFA-77866,Urartu,AO-UEFA-77866,EXACT_NAME,1.0,1.0,False
ARM,AO:AO-UEFA-92219,AO_CANONICAL:AO-UEFA-92219,Gandzasar,AO-UEFA-92219,EXACT_NAME,1.0,1.0,False
ARM,HF:100003685,THESPORTSDB:HF:100003685,Lori,,NO_AO_COUNTERPART,0.3076923076923077,0.25,False
ARM,HF:100003698,THESPORTSDB:HF:100003698,Yerevan,,NO_AO_COUNTERPART,0.6666666666666666,0.6666666666666666,False
ARM,HF:2607,THESPORTSDB:HF:2607,Ararat,,NO_AO_COUNTERPART,0.6666666666666666,0.6,False
ARM,HF:4951,THESPORTSDB:HF:4951,Ulisses,,NO_AO_COUNTERPART,0.375,0.3076923076923077,False
ARM,HF:5178,THESPORTSDB:HF:5178,Mika,,NO_AO_COUNTERPART,0.4,0.4,False
AUT,133970,THESPORTSDB:133970,SV Salzburg,AO-UEFA-50030,EXACT_NAME,1.0,1.0,False
AUT,133993,THESPORTSDB:133993,SV Josko Ried,,NO_AO_COUNTERPART,0.4210526315789473,0.4,False
AUT,134008,THESPORTSDB:134008,FC Trenkwalder Admira,,NO_AO_COUNTERPART,0.5,0.3571428571428571,False
AUT,134021,THESPORTSDB:134021,Rapid Vienna,,NO_AO_COUNTERPART,0.8181818181818182,0.5,False
AUT,134390,THESPORTSDB:134390,Austria Vienna,,NO_AO_COUNTERPART,0.8461538461538461,0.5,False
AUT,134607,THESPORTSDB:134607,SKN St. Polten,,NO_AO_COUNTERPART,0.4,0.32,False
AUT,137252,THESPORTSDB:137252,Wolfsberger AC,AO-UEFA-2603990,EXACT_NAME,1.0,1.0,False
AUT,137261,THESPORTSDB:137261,LASK,AO-UEFA-63405,EXACT_NAME,1.0,1.0,False
AUT,137742,THESPORTSDB:137742,SC Rheindorf Altach,,NO_AO_COUNTERPART,0.2857142857142857,0.2758620689655172,False
AUT,137743,THESPORTSDB:137743,Sturm Graz,AO-UEFA-50111,EXACT_NAME,1.0,1.0,False
AUT,137805,THESPORTSDB:137805,TSV Hartberg,AO-UEFA-2601074,EXACT_NAME,1.0,1.0,False
AUT,137807,THESPORTSDB:137807,WSG Swarovski Tirol,,NO_AO_COUNTERPART,0.3870967741935484,0.2857142857142857,False
AUT,139411,THESPORTSDB:139411,Austria Klagenfurt,,NO_AO_COUNTERPART,0.6666666666666666,0.4516129032258064,False
AUT,139412,THESPORTSDB:139412,FC BW Linz,,NO_AO_COUNTERPART,0.625,0.3529411764705882,False
AUT,139415,THESPORTSDB:139415,Grazer AK,,NO_AO_COUNTERPART,0.4210526315789473,0.3636363636363636,False
AUT,139425,THESPORTSDB:139425,Austria Lustenau,,NO_AO_COUNTERPART,0.7142857142857143,0.4,False
AZB,138335,THESPORTSDB:138335,Qəbələ,,NO_AO_COUNTERPART,0.36363636363636365,0.36363636363636365,False
AZB,138337,THESPORTSDB:138337,Neftçi PFK,,NO_AO_COUNTERPART,0.7272727272727273,0.2608695652173913,False
AZB,138340,THESPORTSDB:138340,Zirə,,NO_AO_COUNTERPART,0.8571428571428571,0.2222222222222222,False
AZB,138341,THESPORTSDB:138341,Sabah Baku,,NO_AO_COUNTERPART,0.6666666666666666,0.5454545454545454,False
AZB,140696,THESPORTSDB:140696,Kapaz,,NO_AO_COUNTERPART,0.4,0.4,False
AZB,140704,THESPORTSDB:140704,Turan Tovuz,,NO_AO_COUNTERPART,0.4210526315789473,0.4166666666666667,False
AZB,146881,THESPORTSDB:146881,İmişli,,NO_AO_COUNTERPART,0.3636363636363636,0.3333333333333333,False
AZB,146882,THESPORTSDB:146882,Mingəçevir,,NO_AO_COUNTERPART,0.2857142857142857,0.2608695652173913,False
AZB,146883,THESPORTSDB:146883,Araz,,NO_AO_COUNTERPART,0.5454545454545454,0.5,False
AZB,149534,THESPORTSDB:149534,Karvan,,NO_AO_COUNTERPART,0.5263157894736842,0.4615384615384615,False
AZB,150689,THESPORTSDB:150689,Şəfa,,NO_AO_COUNTERPART,0.4444444444444444,0.4444444444444444,False
AZB,AO:AO-UEFA-2603921,AO_CANONICAL:AO-UEFA-2603921,Sumqayıt,AO-UEFA-2603921,EXACT_NAME,1.0,1.0,False
AZB,AO:AO-UEFA-2607480,AO_CANONICAL:AO-UEFA-2607480,Zira FK,AO-UEFA-2607480,EXACT_NAME,1.0,1.0,False
AZB,AO:AO-UEFA-2608569,AO_CANONICAL:AO-UEFA-2608569,Sabail FK,AO-UEFA-2608569,EXACT_NAME,1.0,1.0,False
AZB,AO:AO-UEFA-2609356,AO_CANONICAL:AO-UEFA-2609356,Sabah FC,AO-UEFA-2609356,EXACT_NAME,1.0,1.0,False
AZB,AO:AO-UEFA-59890,AO_CANONICAL:AO-UEFA-59890,Neftchi Baku,AO-UEFA-59890,EXACT_NAME,1.0,1.0,False
AZB,AO:AO-UEFA-60609,AO_CANONICAL:AO-UEFA-60609,Qarabağ,AO-UEFA-60609,EXACT_NAME,1.0,1.0,False
AZB,AO:AO-UEFA-74072,AO_CANONICAL:AO-UEFA-74072,Şamaxı,AO-UEFA-74072,EXACT_NAME,1.0,1.0,False
AZB,AO:AO-UEFA-93628,AO_CANONICAL:AO-UEFA-93628,Gabala FK,AO-UEFA-93628,EXACT_NAME,1.0,1.0,False
AZB,HF:1270,THESPORTSDB:HF:1270,Səbail,,NO_AO_COUNTERPART,0.8333333333333334,0.5454545454545454,False
AZB,HF:1274,THESPORTSDB:HF:1274,Kapaz,,NO_AO_COUNTERPART,0.4,0.4,False
AZB,HF:1275,THESPORTSDB:HF:1275,Sabah FA,,NO_AO_COUNTERPART,0.7692307692307693,0.5714285714285714,False
AZB,HF:1276,THESPORTSDB:HF:1276,Keshla FC,,NO_AO_COUNTERPART,0.9090909090909092,0.3636363636363636,False
AZB,HF:1277,THESPORTSDB:HF:1277,Qabala,,NO_AO_COUNTERPART,0.8333333333333334,0.6666666666666666,False
AZB,HF:4650,THESPORTSDB:HF:4650,Bakı,,NO_AO_COUNTERPART,0.5,0.4444444444444444,False
AZB,HF:4651,THESPORTSDB:HF:4651,Simurq,,NO_AO_COUNTERPART,0.4285714285714285,0.4,False
AZB,HF:4652,THESPORTSDB:HF:4652,İnter Bakı,,NO_AO_COUNTERPART,0.4761904761904761,0.4615384615384615,False
AZB,HF:4653,THESPORTSDB:HF:4653,Rəvan,,NO_AO_COUNTERPART,0.5555555555555556,0.4444444444444444,False
AZB,HF:4654,THESPORTSDB:HF:4654,Khazar Lankaran,,NO_AO_COUNTERPART,0.3809523809523809,0.3157894736842105,False
AZB,HF:4655,THESPORTSDB:HF:4655,Şüvəlan,,NO_AO_COUNTERPART,0.5,0.4,False
BEL,133775,THESPORTSDB:133775,Oud-Heverlee Leuven,,NO_AO_COUNTERPART,0.3448275862068966,0.3125,False
BEL,133776,THESPORTSDB:133776,Anderlecht,AO-UEFA-50074,EXACT_NAME,1.0,1.0,False
BEL,133778,THESPORTSDB:133778,Standard,,NO_AO_COUNTERPART,0.7272727272727273,0.4444444444444444,False
BEL,133779,THESPORTSDB:133779,Genk,AO-UEFA-61582,EXACT_NAME,1.0,1.0,False
BEL,133781,THESPORTSDB:133781,Gent,AO-UEFA-4608,EXACT_NAME,1.0,1.0,False
BEL,133782,THESPORTSDB:133782,Cercle Brugge,AO-UEFA-52884,EXACT_NAME,1.0,1.0,False
BEL,133783,THESPORTSDB:133783,Kortrijk,,NO_AO_COUNTERPART,0.2352941176470588,0.2222222222222222,False
BEL,133786,THESPORTSDB:133786,Waregem,,NO_AO_COUNTERPART,0.4761904761904761,0.4615384615384615,False
BEL,133787,THESPORTSDB:133787,Mechelen,,NO_AO_COUNTERPART,0.4705882352941176,0.3809523809523809,False
BEL,133789,THESPORTSDB:133789,Club Brugge,AO-UEFA-50043,EXACT_NAME,1.0,1.0,False
BEL,133790,THESPORTSDB:133790,Westerlo,,NO_AO_COUNTERPART,0.4,0.3529411764705882,False
BEL,133825,THESPORTSDB:133825,Eupen,,NO_AO_COUNTERPART,0.4444444444444444,0.4444444444444444,False
BEL,133826,THESPORTSDB:133826,Charleroi,AO-UEFA-52886,EXACT_NAME,1.0,1.0,False
BEL,133863,THESPORTSDB:133863,Dender,,NO_AO_COUNTERPART,0.5,0.4615384615384615,False
BEL,133931,THESPORTSDB:133931,KV Oostende,,NO_AO_COUNTERPART,0.4,0.3333333333333333,False
BEL,133941,THESPORTSDB:133941,Waasland-Beveren,,NO_AO_COUNTERPART,0.4666666666666667,0.4615384615384615,False
BEL,134245,THESPORTSDB:134245,Antwerp,AO-UEFA-50113,EXACT_NAME,1.0,1.0,False
BEL,134552,THESPORTSDB:134552,Mouscron-Peruwelz,,NO_AO_COUNTERPART,0.3333333333333333,0.3333333333333333,False
BEL,135461,THESPORTSDB:135461,St.Truiden,AO-UEFA-52883,VERIFIED_TARGET_ALIAS,1.0,0.0,False
BEL,135924,THESPORTSDB:135924,Molenbeek,,NO_AO_COUNTERPART,0.4615384615384615,0.3636363636363636,False
BEL,138141,THESPORTSDB:138141,St. Gilloise,,NO_AO_COUNTERPART,0.7096774193548387,0.4,False
BEL,138142,THESPORTSDB:138142,Beerschot VA,,NO_AO_COUNTERPART,0.4545454545454545,0.32,False
BEL,138143,THESPORTSDB:138143,Lommel,,NO_AO_COUNTERPART,0.2666666666666666,0.25,False
BEL,140081,THESPORTSDB:140081,RFC Seraing,,NO_AO_COUNTERPART,0.4,0.3870967741935484,False
BEL,143872,THESPORTSDB:143872,RFC Liège,,NO_AO_COUNTERPART,0.6086956521739131,0.4545454545454545,False
BEL,147430,THESPORTSDB:147430,Patro Eisden,,NO_AO_COUNTERPART,0.4210526315789473,0.3846153846153846,False
BEL,148488,THESPORTSDB:148488,RAAL La Louvière,,NO_AO_COUNTERPART,0.4827586206896552,0.4,False
BUL,134351,THESPORTSDB:134351,Beroe,,NO_AO_COUNTERPART,0.5,0.3333333333333333,False
BUL,137917,THESPORTSDB:137917,Etar Veliko Tarnovo,,NO_AO_COUNTERPART,0.3888888888888889,0.3333333333333333,False
BUL,137918,THESPORTSDB:137918,Dunav Ruse,,NO_AO_COUNTERPART,0.38095238095238093,0.36363636363636365,False
BUL,137919,THESPORTSDB:137919,Tsarsko Selo,,NO_AO_COUNTERPART,0.4545454545454545,0.4166666666666667,False
BUL,137920,THESPORTSDB:137920,Botev Vratsa,,NO_AO_COUNTERPART,0.56,0.4137931034482758,False
BUL,140035,THESPORTSDB:140035,Montana,,NO_AO_COUNTERPART,0.4166666666666667,0.3636363636363636,False
BUL,140036,THESPORTSDB:140036,Septemvri Sofia,,NO_AO_COUNTERPART,0.6666666666666666,0.5925925925925926,False
BUL,140765,THESPORTSDB:140765,Dobrudzha Dobrich,,NO_AO_COUNTERPART,0.4516129032258064,0.2962962962962963,False
BUL,140766,THESPORTSDB:140766,Hebar Pazardzhik,,NO_AO_COUNTERPART,0.6,0.3703703703703703,False
BUL,140769,THESPORTSDB:140769,Lokomotiv Sofia,,NO_AO_COUNTERPART,0.75,0.6666666666666666,False
BUL,140773,THESPORTSDB:140773,Pirin Blagoevgrad,,NO_AO_COUNTERPART,0.4571428571428571,0.3571428571428571,False
BUL,140778,THESPORTSDB:140778,Yantra Gabrovo,,NO_AO_COUNTERPART,0.4285714285714285,0.3125,False
BUL,142830,THESPORTSDB:142830,Marek Dupnitsa,,NO_AO_COUNTERPART,0.4444444444444444,0.3333333333333333,False
BUL,142832,THESPORTSDB:142832,Spartak Varna,,NO_AO_COUNTERPART,0.5185185185185185,0.4666666666666667,False
BUL,146408,THESPORTSDB:146408,Krumovgrad,,NO_AO_COUNTERPART,0.4444444444444444,0.3703703703703703,False
BUL,AO:AO-UEFA-2603104,AO_CANONICAL:AO-UEFA-2603104,Ludogorets Razgrad,AO-UEFA-2603104,EXACT_NAME,1.0,1.0,False
BUL,AO:AO-UEFA-2608297,AO_CANONICAL:AO-UEFA-2608297,CSKA Sofia,AO-UEFA-2608297,EXACT_NAME,1.0,1.0,False
BUL,AO:AO-UEFA-2610060,AO_CANONICAL:AO-UEFA-2610060,Arda Kardzhali,AO-UEFA-2610060,EXACT_NAME,1.0,1.0,False
BUL,AO:AO-UEFA-2610262,AO_CANONICAL:AO-UEFA-2610262,CSKA 1948,AO-UEFA-2610262,EXACT_NAME,1.0,1.0,False
BUL,AO:AO-UEFA-50044,AO_CANONICAL:AO-UEFA-50044,Levski Sofia,AO-UEFA-50044,EXACT_NAME,1.0,1.0,False
BUL,AO:AO-UEFA-50117,AO_CANONICAL:AO-UEFA-50117,Slavia Sofia,AO-UEFA-50117,EXACT_NAME,1.0,1.0,False
BUL,AO:AO-UEFA-52369,AO_CANONICAL:AO-UEFA-52369,Lokomotiv Plovdiv,AO-UEFA-52369,EXACT_NAME,1.0,1.0,False
BUL,AO:AO-UEFA-57466,AO_CANONICAL:AO-UEFA-57466,Botev Plovdiv,AO-UEFA-57466,EXACT_NAME,1.0,1.0,False
BUL,AO:AO-UEFA-75787,AO_CANONICAL:AO-UEFA-75787,Cherno More,AO-UEFA-75787,EXACT_NAME,1.0,1.0,False
BUL,HF:1387,THESPORTSDB:HF:1387,Septemvri Sofia,,NO_AO_COUNTERPART,0.6666666666666666,0.5925925925925926,False
BUL,HF:1388,THESPORTSDB:HF:1388,Beroe,,NO_AO_COUNTERPART,0.5,0.3333333333333333,False
BUL,HF:1389,THESPORTSDB:HF:1389,Lokomotiv Sofia,,NO_AO_COUNTERPART,0.75,0.6666666666666666,False
BUL,HF:1391,THESPORTSDB:HF:1391,Botev Vratsa,,NO_AO_COUNTERPART,0.56,0.4137931034482758,False
BUL,HF:1395,THESPORTSDB:HF:1395,Levski Krumovgrad,,NO_AO_COUNTERPART,0.6206896551724138,0.5142857142857142,False
BUL,HF:1399,THESPORTSDB:HF:1399,Hebar 1918,,NO_AO_COUNTERPART,0.5263157894736842,0.3809523809523809,False
BUL,HF:1400,THESPORTSDB:HF:1400,Spartak Varna,,NO_AO_COUNTERPART,0.5185185185185185,0.4666666666666667,False
BUL,HF:1401,THESPORTSDB:HF:1401,Pirin Blagoevgrad,,NO_AO_COUNTERPART,0.4571428571428571,0.3571428571428571,False
BUL,HF:1402,THESPORTSDB:HF:1402,Marek,,NO_AO_COUNTERPART,0.4444444444444444,0.375,False
BUL,HF:1403,THESPORTSDB:HF:1403,Etar Veliko Tarnovo,,NO_AO_COUNTERPART,0.3888888888888889,0.3333333333333333,False
BUL,HF:1404,THESPORTSDB:HF:1404,Sportist Svoge,,NO_AO_COUNTERPART,0.3846153846153846,0.3846153846153846,False
CRO,133989,THESPORTSDB:133989,Slaven Belupo Koprivnica,,NO_AO_COUNTERPART,0.3414634146341463,0.2162162162162162,False
CRO,137794,THESPORTSDB:137794,HNK Gorica,,NO_AO_COUNTERPART,0.4,0.375,False
CRO,137795,THESPORTSDB:137795,NK Lokomotiva,,NO_AO_COUNTERPART,0.7407407407407407,0.3,False
CRO,137797,THESPORTSDB:137797,NK Istra 1961,,NO_AO_COUNTERPART,0.25,0.2222222222222222,False
CRO,140105,THESPORTSDB:140105,Hrvatski Dragovoljac,,NO_AO_COUNTERPART,0.3333333333333333,0.2857142857142857,False
CRO,140123,THESPORTSDB:140123,Šibenik,,NO_AO_COUNTERPART,0.6153846153846154,0.4615384615384615,False
CRO,141086,THESPORTSDB:141086,Rudeš,,NO_AO_COUNTERPART,0.3636363636363636,0.3076923076923077,False
CRO,146467,THESPORTSDB:146467,Vukovar,,NO_AO_COUNTERPART,0.4166666666666667,0.4,False
CRO,AO:AO-UEFA-2600783,AO_CANONICAL:AO-UEFA-2600783,NK Lokomotiva Zagreb,AO-UEFA-2600783,EXACT_NAME,1.0,1.0,False
CRO,AO:AO-UEFA-50164,AO_CANONICAL:AO-UEFA-50164,Dinamo Zagreb,AO-UEFA-50164,EXACT_NAME,1.0,1.0,False
CRO,AO:AO-UEFA-52356,AO_CANONICAL:AO-UEFA-52356,Rijeka,AO-UEFA-52356,EXACT_NAME,1.0,1.0,False
CRO,AO:AO-UEFA-52359,AO_CANONICAL:AO-UEFA-52359,Hajduk Split,AO-UEFA-52359,EXACT_NAME,1.0,1.0,False
CRO,AO:AO-UEFA-53082,AO_CANONICAL:AO-UEFA-53082,Osijek,AO-UEFA-53082,EXACT_NAME,1.0,1.0,False
CRO,AO:AO-UEFA-60514,AO_CANONICAL:AO-UEFA-60514,Varaždin,AO-UEFA-60514,EXACT_NAME,1.0,1.0,False
CRO,HF:1163,THESPORTSDB:HF:1163,Istra 1961,,NO_AO_COUNTERPART,0.25,0.2222222222222222,False
CRO,HF:1164,THESPORTSDB:HF:1164,HNK Gorica,,NO_AO_COUNTERPART,0.4,0.375,False
CRO,HF:1166,THESPORTSDB:HF:1166,HNK Rijeka,,NO_AO_COUNTERPART,0.75,0.5,False
CRO,HF:1168,THESPORTSDB:HF:1168,HNK Hajduk Split,,NO_AO_COUNTERPART,0.8571428571428571,0.3076923076923077,False
CRO,HF:1169,THESPORTSDB:HF:1169,NK Slaven Belupo,,NO_AO_COUNTERPART,0.2666666666666666,0.2307692307692307,False
CRO,HF:1170,THESPORTSDB:HF:1170,Rudes,,NO_AO_COUNTERPART,0.3636363636363636,0.3076923076923077,False
CRO,HF:4558,THESPORTSDB:HF:4558,Inter Zapresic,,NO_AO_COUNTERPART,0.5185185185185185,0.3870967741935484,False
CRO,HF:4559,THESPORTSDB:HF:4559,HNK Cibalia,,NO_AO_COUNTERPART,0.4761904761904761,0.4347826086956521,False
CRO,HF:4560,THESPORTSDB:HF:4560,RNK Split,,NO_AO_COUNTERPART,0.6666666666666666,0.4210526315789473,False
CYP,133986,THESPORTSDB:133986,Omonia Nicosia,AO-UEFA-50077,EXACT_NAME,1.0,1.0,False
CYP,133994,THESPORTSDB:133994,Anorthosis Famagusta,AO-UEFA-52897,EXACT_NAME,1.0,1.0,False
CYP,133999,THESPORTSDB:133999,Apoel Nicosia,AO-UEFA-50118,EXACT_NAME,1.0,1.0,False
CYP,134407,THESPORTSDB:134407,Apollon Limassol,AO-UEFA-52741,EXACT_NAME,1.0,1.0,False
CYP,134628,THESPORTSDB:134628,Ermis Aradippou,,NO_AO_COUNTERPART,0.4285714285714285,0.4,False
CYP,136251,THESPORTSDB:136251,AEK Larnaca,AO-UEFA-54191,EXACT_NAME,1.0,1.0,False
CYP,137922,THESPORTSDB:137922,AEL Limassol,AO-UEFA-52800,EXACT_NAME,1.0,1.0,False
CYP,137923,THESPORTSDB:137923,Doxa Katokopias,,NO_AO_COUNTERPART,0.4137931034482758,0.4,False
CYP,137924,THESPORTSDB:137924,Enosis Neon Paralimni,,NO_AO_COUNTERPART,0.3902439024390244,0.3783783783783784,False
CYP,137925,THESPORTSDB:137925,Ethnikos Achna,,NO_AO_COUNTERPART,0.4444444444444444,0.4117647058823529,False
CYP,137926,THESPORTSDB:137926,Nea Salamis Famagusta,,NO_AO_COUNTERPART,0.6829268292682927,0.4242424242424242,False
CYP,137927,THESPORTSDB:137927,Olympiakos Nicosia,,NO_AO_COUNTERPART,0.75,0.6451612903225806,False
CYP,137928,THESPORTSDB:137928,Pafos FC,AO-UEFA-2609532,EXACT_NAME,1.0,1.0,False
CYP,140064,THESPORTSDB:140064,Karmiotissa,,NO_AO_COUNTERPART,0.4761904761904761,0.4166666666666667,False
CYP,141089,THESPORTSDB:141089,AEZ,,NO_AO_COUNTERPART,0.6666666666666666,0.5,False
CYP,141091,THESPORTSDB:141091,Akritas Chlorakas,,NO_AO_COUNTERPART,0.4285714285714285,0.4,False
CYP,141094,THESPORTSDB:141094,Aris Limassol,AO-UEFA-69529,EXACT_NAME,1.0,1.0,False
CYP,141098,THESPORTSDB:141098,Krasava Ypsonas,,NO_AO_COUNTERPART,0.3636363636363636,0.3571428571428571,False
CYP,141101,THESPORTSDB:141101,Omonia Aradippou,,NO_AO_COUNTERPART,0.5454545454545454,0.375,False
CYP,141104,THESPORTSDB:141104,Othellos,,NO_AO_COUNTERPART,0.5555555555555556,0.5333333333333333,False
CYP,141105,THESPORTSDB:141105,PAEEK,,NO_AO_COUNTERPART,0.5,0.4,False
CYP,143789,THESPORTSDB:143789,Omonia 29is Maiou,,NO_AO_COUNTERPART,0.6451612903225806,0.4666666666666667,False
CZE,133954,THESPORTSDB:133954,Liberec,AO-UEFA-64385,EXACT_NAME,1.0,1.0,False
CZE,134000,THESPORTSDB:134000,Mlada Boleslav,AO-UEFA-88134,EXACT_NAME,1.0,1.0,False
CZE,134007,THESPORTSDB:134007,Sparta Prague,,NO_AO_COUNTERPART,0.8,0.56,False
CZE,134015,THESPORTSDB:134015,Viktoria Plzen,AO-UEFA-64388,EXACT_NAME,1.0,1.0,False
CZE,134395,THESPORTSDB:134395,Jablonec,AO-UEFA-62169,EXACT_NAME,1.0,1.0,False
CZE,136036,THESPORTSDB:136036,Slavia Prague,AO-UEFA-52498,VERIFIED_TARGET_ALIAS,1.0,0.0,False
CZE,136677,THESPORTSDB:136677,Sigma Olomouc,AO-UEFA-52905,EXACT_NAME,1.0,1.0,False
CZE,136678,THESPORTSDB:136678,Pribram,,NO_AO_COUNTERPART,0.4285714285714285,0.3157894736842105,False
CZE,136679,THESPORTSDB:136679,Karvina,,NO_AO_COUNTERPART,0.4210526315789473,0.4,False
CZE,136680,THESPORTSDB:136680,Teplice,,NO_AO_COUNTERPART,0.4285714285714285,0.3809523809523809,False
CZE,136681,THESPORTSDB:136681,Bohemians 1905,,NO_AO_COUNTERPART,0.6896551724137931,0.2962962962962963,False
CZE,136682,THESPORTSDB:136682,Dukla Praha,,NO_AO_COUNTERPART,0.6956521739130435,0.6086956521739131,False
CZE,136684,THESPORTSDB:136684,Banik Ostrava,AO-UEFA-51886,EXACT_NAME,1.0,1.0,False
CZE,136685,THESPORTSDB:136685,Slovacko,AO-UEFA-75794,EXACT_NAME,1.0,1.0,False
CZE,137808,THESPORTSDB:137808,Dynamo České Budějovice,,NO_AO_COUNTERPART,0.3243243243243243,0.303030303030303,False
CZE,137809,THESPORTSDB:137809,SFC Opava,,NO_AO_COUNTERPART,0.4705882352941176,0.4545454545454545,False
CZE,137810,THESPORTSDB:137810,Zlín,,NO_AO_COUNTERPART,0.3636363636363636,0.3333333333333333,False
CZE,140093,THESPORTSDB:140093,Pardubice,,NO_AO_COUNTERPART,0.3529411764705882,0.3478260869565217,False
CZE,140094,THESPORTSDB:140094,Zbrojovka Brno,,NO_AO_COUNTERPART,0.4285714285714285,0.3636363636363636,False
CZE,141108,THESPORTSDB:141108,Chrudim,,NO_AO_COUNTERPART,0.1904761904761904,0.1818181818181818,False
CZE,141109,THESPORTSDB:141109,Hradec Králové,,NO_AO_COUNTERPART,0.3571428571428571,0.3333333333333333,False
CZE,141110,THESPORTSDB:141110,Artis Brno,,NO_AO_COUNTERPART,0.4545454545454545,0.3333333333333333,False
CZE,141113,THESPORTSDB:141113,Táborsko,,NO_AO_COUNTERPART,0.375,0.375,False
CZE,141118,THESPORTSDB:141118,Vlašim,,NO_AO_COUNTERPART,0.3333333333333333,0.3157894736842105,False
CZE,141794,THESPORTSDB:141794,Vyškov,,NO_AO_COUNTERPART,0.4285714285714285,0.3,False
DEN,133889,THESPORTSDB:133889,Odense BK,,NO_AO_COUNTERPART,0.5263157894736842,0.4210526315789473,False
DEN,133890,THESPORTSDB:133890,FC Nordsjælland,AO-UEFA-79940,EXACT_NAME,1.0,1.0,False
DEN,133891,THESPORTSDB:133891,FC Midtjylland,AO-UEFA-75795,EXACT_NAME,1.0,1.0,False
DEN,133892,THESPORTSDB:133892,Silkeborg IF,AO-UEFA-52912,EXACT_NAME,1.0,1.0,False
DEN,133893,THESPORTSDB:133893,Brøndby,AO-UEFA-50021,EXACT_NAME,1.0,1.0,False
DEN,133894,THESPORTSDB:133894,AaB,,NO_AO_COUNTERPART,0.4444444444444444,0.2222222222222222,False
DEN,133895,THESPORTSDB:133895,AC Horsens,,NO_AO_COUNTERPART,0.4210526315789473,0.3529411764705882,False
DEN,133897,THESPORTSDB:133897,Sønderjyske,AO-UEFA-89694,EXACT_NAME,1.0,1.0,False
DEN,133898,THESPORTSDB:133898,FC Copenhagen,AO-UEFA-52709,EXACT_NAME,1.0,1.0,False
DEN,133899,THESPORTSDB:133899,AGF Aarhus,AO-UEFA-50019,EXACT_NAME,1.0,1.0,False
DEN,133900,THESPORTSDB:133900,Lyngby,,NO_AO_COUNTERPART,0.4615384615384615,0.2666666666666666,False
DEN,133938,THESPORTSDB:133938,Randers FC,AO-UEFA-64146,EXACT_NAME,1.0,1.0,False
DEN,134307,THESPORTSDB:134307,Viborg,AO-UEFA-69570,EXACT_NAME,1.0,1.0,False
DEN,136188,THESPORTSDB:136188,Vejle Boldklub,,NO_AO_COUNTERPART,0.4166666666666667,0.32,False
DEN,138451,THESPORTSDB:138451,Fredericia,,NO_AO_COUNTERPART,0.4705882352941176,0.3529411764705882,False
DEN,139047,THESPORTSDB:139047,Hvidovre IF,,NO_AO_COUNTERPART,0.6,0.5217391304347826,False
ENG,133599,THESPORTSDB:133599,Wolves,AO-UEFA-53357,EXACT_NAME,1.0,1.0,False
ENG,133600,THESPORTSDB:133600,Fulham,,NO_AO_COUNTERPART,0.4285714285714285,0.4,False
ENG,133601,THESPORTSDB:133601,Aston Villa,AO-UEFA-52683,EXACT_NAME,1.0,1.0,False
ENG,133602,THESPORTSDB:133602,Liverpool,AO-UEFA-7889,EXACT_NAME,1.0,1.0,False
ENG,133603,THESPORTSDB:133603,Sunderland,AO-UEFA-53360,VERIFIED_TARGET_ALIAS,1.0,0.0,False
ENG,133604,THESPORTSDB:133604,Arsenal,AO-UEFA-52280,EXACT_NAME,1.0,1.0,False
ENG,133605,THESPORTSDB:133605,QPR,,NO_AO_COUNTERPART,0.2,0.2,False
ENG,133608,THESPORTSDB:133608,Norwich,,NO_AO_COUNTERPART,0.375,0.3,False
ENG,133609,THESPORTSDB:133609,Stoke,,NO_AO_COUNTERPART,0.4285714285714285,0.4285714285714285,False
ENG,133610,THESPORTSDB:133610,Chelsea,AO-UEFA-52914,EXACT_NAME,1.0,1.0,False
ENG,133611,THESPORTSDB:133611,West Brom,,NO_AO_COUNTERPART,0.7058823529411765,0.4444444444444444,False
ENG,133612,THESPORTSDB:133612,Manchester United,AO-UEFA-52682,EXACT_NAME,1.0,1.0,False
ENG,133613,THESPORTSDB:133613,Manchester City,AO-UEFA-52919,EXACT_NAME,1.0,1.0,False
ENG,133614,THESPORTSDB:133614,Swansea,,NO_AO_COUNTERPART,0.5714285714285714,0.4285714285714285,False
ENG,133615,THESPORTSDB:133615,Everton,,NO_AO_COUNTERPART,0.5333333333333333,0.5,False
ENG,133616,THESPORTSDB:133616,Tottenham,AO-UEFA-1652,EXACT_NAME,1.0,1.0,False
ENG,133617,THESPORTSDB:133617,Hull,,NO_AO_COUNTERPART,0.3636363636363636,0.3636363636363636,False
ENG,133619,THESPORTSDB:133619,Brighton,AO-UEFA-2601105,EXACT_NAME,1.0,1.0,False
ENG,133622,THESPORTSDB:133622,Ipswich,,NO_AO_COUNTERPART,0.2857142857142857,0.2666666666666666,False
ENG,133623,THESPORTSDB:133623,Burnley,AO-UEFA-53354,EXACT_NAME,1.0,1.0,False
ENG,133624,THESPORTSDB:133624,Watford,,NO_AO_COUNTERPART,0.4285714285714285,0.4,False
ENG,133626,THESPORTSDB:133626,Leicester,AO-UEFA-53577,EXACT_NAME,1.0,1.0,False
ENG,133628,THESPORTSDB:133628,Middlesbrough,,NO_AO_COUNTERPART,0.3809523809523809,0.3636363636363636,False
ENG,133632,THESPORTSDB:133632,Crystal Palace,AO-UEFA-52916,EXACT_NAME,1.0,1.0,False
ENG,133635,THESPORTSDB:133635,Leeds,,NO_AO_COUNTERPART,0.5714285714285714,0.5454545454545454,False
ENG,133636,THESPORTSDB:133636,West Ham,AO-UEFA-53358,EXACT_NAME,1.0,1.0,False
ENG,133637,THESPORTSDB:133637,Cardiff,,NO_AO_COUNTERPART,0.2857142857142857,0.2857142857142857,False
ENG,133720,THESPORTSDB:133720,Nottingham Forest,AO-UEFA-52681,EXACT_NAME,1.0,1.0,False
ENG,133811,THESPORTSDB:133811,Sheffield United,,NO_AO_COUNTERPART,0.6060606060606061,0.5806451612903226,False
ENG,133888,THESPORTSDB:133888,Luton,,NO_AO_COUNTERPART,0.4615384615384615,0.4285714285714285,False
ENG,133932,THESPORTSDB:133932,Huddersfield Town,,NO_AO_COUNTERPART,0.3529411764705882,0.3333333333333333,False
ENG,134301,THESPORTSDB:134301,Bournemouth,AO-UEFA-2601124,VERIFIED_TARGET_ALIAS,1.0,0.0,False
ENG,134355,THESPORTSDB:134355,Brentford,,NO_AO_COUNTERPART,0.4545454545454545,0.375,False
ENG,134777,THESPORTSDB:134777,Newcastle,AO-UEFA-59324,EXACT_NAME,1.0,1.0,False
ENG,134778,THESPORTSDB:134778,Southampton,,NO_AO_COUNTERPART,0.5263157894736842,0.5,False
ESP,133721,THESPORTSDB:133721,Granada,AO-UEFA-2602893,EXACT_NAME,1.0,1.0,False
ESP,133722,THESPORTSDB:133722,Betis,AO-UEFA-52265,VERIFIED_TARGET_ALIAS,1.0,0.0,False
ESP,133723,THESPORTSDB:133723,Sp Gijon,,NO_AO_COUNTERPART,0.5714285714285714,0.375,False
ESP,133724,THESPORTSDB:133724,Sociedad,AO-UEFA-50123,VERIFIED_TARGET_ALIAS,1.0,0.0,False
ESP,133725,THESPORTSDB:133725,Valencia,AO-UEFA-52268,EXACT_NAME,1.0,1.0,False
ESP,133726,THESPORTSDB:133726,Racing de Santander,,NO_AO_COUNTERPART,0.4375,0.4,False
ESP,133727,THESPORTSDB:133727,Ath Bilbao,,NO_AO_COUNTERPART,0.8,0.4166666666666667,False
ESP,133728,THESPORTSDB:133728,Vallecano,,NO_AO_COUNTERPART,0.782608695652174,0.7058823529411765,False
ESP,133729,THESPORTSDB:133729,Ath Madrid,AO-UEFA-50124,VERIFIED_TARGET_ALIAS,1.0,0.0,False
ESP,133730,THESPORTSDB:133730,Osasuna,AO-UEFA-53042,EXACT_NAME,1.0,1.0,False
ESP,133731,THESPORTSDB:133731,Getafe,AO-UEFA-87960,EXACT_NAME,1.0,1.0,False
ESP,133732,THESPORTSDB:133732,Levante,,NO_AO_COUNTERPART,0.4615384615384615,0.4615384615384615,False
ESP,133733,THESPORTSDB:133733,Mallorca,,NO_AO_COUNTERPART,0.5,0.4761904761904761,False
ESP,133734,THESPORTSDB:133734,Espanol,AO-UEFA-54189,HIGH_CONFIDENCE_FUZZY,0.9333333333333332,0.4285714285714285,False
ESP,133735,THESPORTSDB:133735,Sevilla,AO-UEFA-52714,EXACT_NAME,1.0,1.0,False
ESP,133736,THESPORTSDB:133736,Malaga,,NO_AO_COUNTERPART,0.4615384615384615,0.4285714285714285,False
ESP,133738,THESPORTSDB:133738,Real Madrid,AO-UEFA-50051,EXACT_NAME,1.0,1.0,False
ESP,133739,THESPORTSDB:133739,Barcelona,AO-UEFA-50080,EXACT_NAME,1.0,1.0,False
ESP,133740,THESPORTSDB:133740,Villarreal,AO-UEFA-70691,EXACT_NAME,1.0,1.0,False
ESP,133816,THESPORTSDB:133816,La Coruna,,NO_AO_COUNTERPART,0.5,0.4444444444444444,False
ESP,133817,THESPORTSDB:133817,Almeria,,NO_AO_COUNTERPART,0.6666666666666666,0.6153846153846154,False
ESP,133841,THESPORTSDB:133841,Valladolid,,NO_AO_COUNTERPART,0.5714285714285714,0.5,False
ESP,133937,THESPORTSDB:133937,Celta Vigo,AO-UEFA-53043,VERIFIED_TARGET_ALIAS,1.0,0.0,False
ESP,134221,THESPORTSDB:134221,Alaves,,NO_AO_COUNTERPART,0.5,0.5,False
ESP,134222,THESPORTSDB:134222,Cadiz,,NO_AO_COUNTERPART,0.4444444444444444,0.4,False
ESP,134259,THESPORTSDB:134259,Las Palmas,,NO_AO_COUNTERPART,0.4444444444444444,0.4166666666666667,False
ESP,134384,THESPORTSDB:134384,Elche,,NO_AO_COUNTERPART,0.4444444444444444,0.4,False
ESP,134626,THESPORTSDB:134626,Eibar,,NO_AO_COUNTERPART,0.5,0.4615384615384615,False
ESP,134627,THESPORTSDB:134627,Cordoba,,NO_AO_COUNTERPART,0.4285714285714285,0.3636363636363636,False
ESP,134700,THESPORTSDB:134700,Girona,AO-UEFA-2602798,EXACT_NAME,1.0,1.0,False
ESP,134701,THESPORTSDB:134701,Leganes,,NO_AO_COUNTERPART,0.4615384615384615,0.4285714285714285,False
ESP,135454,THESPORTSDB:135454,Huesca,,NO_AO_COUNTERPART,0.4285714285714285,0.4285714285714285,False
ESP,135455,THESPORTSDB:135455,Real Oviedo,,NO_AO_COUNTERPART,0.75,0.6363636363636364,False
FRA,133702,THESPORTSDB:133702,Ajaccio,,NO_AO_COUNTERPART,0.5,0.3333333333333333,False
FRA,133703,THESPORTSDB:133703,Toulouse,AO-UEFA-52934,EXACT_NAME,1.0,1.0,False
FRA,133704,THESPORTSDB:133704,Brest,AO-UEFA-2601306,EXACT_NAME,1.0,1.0,False
FRA,133705,THESPORTSDB:133705,Evian Thonon Gaillard,,NO_AO_COUNTERPART,0.4,0.3333333333333333,False
FRA,133706,THESPORTSDB:133706,Valenciennes,,NO_AO_COUNTERPART,0.5555555555555556,0.5454545454545454,False
FRA,133707,THESPORTSDB:133707,Marseille,AO-UEFA-52748,EXACT_NAME,1.0,1.0,False
FRA,133708,THESPORTSDB:133708,Sochaux,,NO_AO_COUNTERPART,0.5333333333333333,0.375,False
FRA,133709,THESPORTSDB:133709,Montpellier,,NO_AO_COUNTERPART,0.5,0.3809523809523809,False
FRA,133711,THESPORTSDB:133711,Lille,AO-UEFA-75797,EXACT_NAME,1.0,1.0,False
FRA,133712,THESPORTSDB:133712,Nice,AO-UEFA-52355,EXACT_NAME,1.0,1.0,False
FRA,133713,THESPORTSDB:133713,Lyon,AO-UEFA-5312,EXACT_NAME,1.0,1.0,False
FRA,133714,THESPORTSDB:133714,Paris SG,AO-UEFA-52747,VERIFIED_TARGET_ALIAS,1.0,0.0,False
FRA,133715,THESPORTSDB:133715,Lorient,,NO_AO_COUNTERPART,0.5454545454545454,0.5454545454545454,False
FRA,133716,THESPORTSDB:133716,Bordeaux,AO-UEFA-50127,EXACT_NAME,1.0,1.0,False
FRA,133717,THESPORTSDB:133717,St Etienne,AO-UEFA-50022,EXACT_NAME,1.0,1.0,False
FRA,133718,THESPORTSDB:133718,Dijon,,NO_AO_COUNTERPART,0.4444444444444444,0.3636363636363636,False
FRA,133719,THESPORTSDB:133719,Rennes,AO-UEFA-55031,EXACT_NAME,1.0,1.0,False
FRA,133822,THESPORTSDB:133822,Lens,AO-UEFA-52277,EXACT_NAME,1.0,1.0,False
FRA,133823,THESPORTSDB:133823,Monaco,AO-UEFA-50023,EXACT_NAME,1.0,1.0,False
FRA,133861,THESPORTSDB:133861,Nantes,AO-UEFA-52693,EXACT_NAME,1.0,1.0,False
FRA,133862,THESPORTSDB:133862,Le Havre,,NO_AO_COUNTERPART,0.3809523809523809,0.3636363636363636,False
FRA,133882,THESPORTSDB:133882,Strasbourg,AO-UEFA-59857,EXACT_NAME,1.0,1.0,False
FRA,133883,THESPORTSDB:133883,Metz,,NO_AO_COUNTERPART,0.4444444444444444,0.3076923076923077,False
FRA,133933,THESPORTSDB:133933,Bastia,,NO_AO_COUNTERPART,0.5454545454545454,0.4,False
FRA,133934,THESPORTSDB:133934,Stade de Reims,AO-UEFA-64165,EXACT_NAME,1.0,1.0,False
FRA,134244,THESPORTSDB:134244,Guingamp,,NO_AO_COUNTERPART,0.3076923076923077,0.3076923076923077,False
FRA,134709,THESPORTSDB:134709,Angers,,NO_AO_COUNTERPART,0.6666666666666666,0.5454545454545454,False
FRA,134713,THESPORTSDB:134713,Clermont Foot,,NO_AO_COUNTERPART,0.4210526315789473,0.4,False
FRA,134715,THESPORTSDB:134715,Nimes,,NO_AO_COUNTERPART,0.6666666666666666,0.6,False
FRA,134787,THESPORTSDB:134787,Caen,,NO_AO_COUNTERPART,0.5454545454545454,0.5,False
FRA,134788,THESPORTSDB:134788,Auxerre,,NO_AO_COUNTERPART,0.4,0.4,False
FRA,134789,THESPORTSDB:134789,Troyes,,NO_AO_COUNTERPART,0.5454545454545454,0.5454545454545454,False
FRA,135465,THESPORTSDB:135465,Paris FC,,REJECTED_FALSE_POSITIVE,1.0,1.0,True
FRA,135467,THESPORTSDB:135467,Red Star,,NO_AO_COUNTERPART,0.6153846153846154,0.5714285714285714,False
FRA,135658,THESPORTSDB:135658,Amiens,,NO_AO_COUNTERPART,0.6,0.5454545454545454,False
FRA,137652,THESPORTSDB:137652,Rodez AF,,NO_AO_COUNTERPART,0.5,0.3809523809523809,False
GEO,134056,THESPORTSDB:134056,Metalurgi Rustavi,,NO_AO_COUNTERPART,0.4,0.3870967741935484,False
GEO,138045,THESPORTSDB:138045,Merani Tbilisi,,NO_AO_COUNTERPART,0.7857142857142857,0.7857142857142857,False
GEO,138048,THESPORTSDB:138048,FC Telavi,,NO_AO_COUNTERPART,0.4,0.4,False
GEO,139054,THESPORTSDB:139054,Sioni,,NO_AO_COUNTERPART,0.4285714285714285,0.3636363636363636,False
GEO,140522,THESPORTSDB:140522,Shukura,,NO_AO_COUNTERPART,0.6666666666666666,0.375,False
GEO,140523,THESPORTSDB:140523,Samgurali,,NO_AO_COUNTERPART,0.5714285714285714,0.5555555555555556,False
GEO,141187,THESPORTSDB:141187,Gareji,,NO_AO_COUNTERPART,0.5454545454545454,0.5333333333333333,False
GEO,141188,THESPORTSDB:141188,Merani Martvili,,NO_AO_COUNTERPART,0.5517241379310345,0.5517241379310345,False
GEO,147096,THESPORTSDB:147096,Kolkheti-1913 Poti,,NO_AO_COUNTERPART,0.3448275862068966,0.3125,False
GEO,150495,THESPORTSDB:150495,Meshakhte Tkibuli,,NO_AO_COUNTERPART,0.4705882352941176,0.4571428571428571,False
GEO,AO:AO-UEFA-2600544,AO_CANONICAL:AO-UEFA-2600544,Gagra,AO-UEFA-2600544,EXACT_NAME,1.0,1.0,False
GEO,AO:AO-UEFA-2605905,AO_CANONICAL:AO-UEFA-2605905,Iberia 1999,AO-UEFA-2605905,EXACT_NAME,1.0,1.0,False
GEO,AO:AO-UEFA-2611621,AO_CANONICAL:AO-UEFA-2611621,Spaeri,AO-UEFA-2611621,EXACT_NAME,1.0,1.0,False
GEO,AO:AO-UEFA-52705,AO_CANONICAL:AO-UEFA-52705,Dinamo Tbilisi,AO-UEFA-52705,EXACT_NAME,1.0,1.0,False
GEO,AO:AO-UEFA-59884,AO_CANONICAL:AO-UEFA-59884,FC Samtredia,AO-UEFA-59884,EXACT_NAME,1.0,1.0,False
GEO,AO:AO-UEFA-59885,AO_CANONICAL:AO-UEFA-59885,Dinamo Batumi,AO-UEFA-59885,EXACT_NAME,1.0,1.0,False
GEO,AO:AO-UEFA-64325,AO_CANONICAL:AO-UEFA-64325,Locomotive Tbilisi,AO-UEFA-64325,EXACT_NAME,1.0,1.0,False
GEO,AO:AO-UEFA-64467,AO_CANONICAL:AO-UEFA-64467,Dila Gori,AO-UEFA-64467,EXACT_NAME,1.0,1.0,False
GEO,AO:AO-UEFA-64471,AO_CANONICAL:AO-UEFA-64471,Torpedo Kutaisi,AO-UEFA-64471,EXACT_NAME,1.0,1.0,False
GEO,AO:AO-UEFA-92452,AO_CANONICAL:AO-UEFA-92452,Chikhura,AO-UEFA-92452,EXACT_NAME,1.0,1.0,False
GEO,HF:1447,THESPORTSDB:HF:1447,Kolkheti Poti,,NO_AO_COUNTERPART,0.3703703703703703,0.3225806451612903,False
GEO,HF:1448,THESPORTSDB:HF:1448,Saburtalo,,NO_AO_COUNTERPART,0.6923076923076923,0.4444444444444444,False
GEO,HF:1456,THESPORTSDB:HF:1456,Sioni,,NO_AO_COUNTERPART,0.4285714285714285,0.3636363636363636,False
GEO,HF:1457,THESPORTSDB:HF:1457,Rustavi,,NO_AO_COUNTERPART,0.4545454545454545,0.3333333333333333,False
GEO,HF:1458,THESPORTSDB:HF:1458,Shukura,,NO_AO_COUNTERPART,0.6666666666666666,0.375,False
GEO,HF:1462,THESPORTSDB:HF:1462,Merani Martvili,,NO_AO_COUNTERPART,0.5517241379310345,0.5517241379310345,False
GEO,HF:4710,THESPORTSDB:HF:4710,Zugdidi,,NO_AO_COUNTERPART,0.375,0.3,False
GEO,HF:4711,THESPORTSDB:HF:4711,Metalurgi Rustavi,,NO_AO_COUNTERPART,0.4,0.3870967741935484,False
GEO,HF:4712,THESPORTSDB:HF:4712,Guria,,NO_AO_COUNTERPART,0.6,0.4615384615384615,False
GEO,HF:4713,THESPORTSDB:HF:4713,Zestafoni,,NO_AO_COUNTERPART,0.3846153846153846,0.3333333333333333,False
GEO,HF:4714,THESPORTSDB:HF:4714,Tskhinvali,,NO_AO_COUNTERPART,0.4166666666666667,0.3571428571428571,False
GEO,HF:4715,THESPORTSDB:HF:4715,WIT Georgia,,NO_AO_COUNTERPART,0.6,0.4545454545454545,False
GEO,HF:4716,THESPORTSDB:HF:4716,Sapovnela,,NO_AO_COUNTERPART,0.4444444444444444,0.4,False
GER,133650,THESPORTSDB:133650,Dortmund,AO-UEFA-52758,VERIFIED_TARGET_ALIAS,1.0,0.0,False
GER,133651,THESPORTSDB:133651,Hamburg,,NO_AO_COUNTERPART,0.5333333333333333,0.5,False
GER,133652,THESPORTSDB:133652,Augsburg,,NO_AO_COUNTERPART,0.5882352941176471,0.5,False
GER,133653,THESPORTSDB:133653,Freiburg,AO-UEFA-59880,EXACT_NAME,1.0,1.0,False
GER,133654,THESPORTSDB:133654,FC Koln,AO-UEFA-50018,EXACT_NAME,1.0,1.0,False
GER,133655,THESPORTSDB:133655,Wolfsburg,AO-UEFA-64332,EXACT_NAME,1.0,1.0,False
GER,133656,THESPORTSDB:133656,Hannover,,NO_AO_COUNTERPART,0.4,0.4,False
GER,133657,THESPORTSDB:133657,Hoffenheim,AO-UEFA-2600431,EXACT_NAME,1.0,1.0,False
GER,133658,THESPORTSDB:133658,Hertha,,NO_AO_COUNTERPART,0.375,0.3076923076923077,False
GER,133659,THESPORTSDB:133659,Nurnberg,,NO_AO_COUNTERPART,0.5,0.4444444444444444,False
GER,133660,THESPORTSDB:133660,Stuttgart,AO-UEFA-50107,EXACT_NAME,1.0,1.0,False
GER,133661,THESPORTSDB:133661,Schalke 04,AO-UEFA-57388,EXACT_NAME,1.0,1.0,False
GER,133662,THESPORTSDB:133662,Werder Bremen,,NO_AO_COUNTERPART,0.4444444444444444,0.4347826086956521,False
GER,133664,THESPORTSDB:133664,Bayern Munich,AO-UEFA-50037,VERIFIED_TARGET_ALIAS,1.0,0.0,False
GER,133665,THESPORTSDB:133665,Mainz,AO-UEFA-70853,EXACT_NAME,1.0,1.0,False
GER,133666,THESPORTSDB:133666,Leverkusen,AO-UEFA-50109,EXACT_NAME,1.0,1.0,False
GER,133813,THESPORTSDB:133813,St Pauli,,NO_AO_COUNTERPART,0.4,0.4,False
GER,133814,THESPORTSDB:133814,Ein Frankfurt,,NO_AO_COUNTERPART,0.8181818181818182,0.3809523809523809,False
GER,133839,THESPORTSDB:133839,Bochum,,NO_AO_COUNTERPART,0.375,0.375,False
GER,133852,THESPORTSDB:133852,Bielefeld,,NO_AO_COUNTERPART,0.4,0.3157894736842105,False
GER,133935,THESPORTSDB:133935,Fortuna Düsseldorf,,NO_AO_COUNTERPART,0.4285714285714285,0.3809523809523809,False
GER,134099,THESPORTSDB:134099,SPVGG Greuther Fürth,,NO_AO_COUNTERPART,0.3448275862068966,0.3448275862068966,False
GER,134302,THESPORTSDB:134302,Braunschweig,,NO_AO_COUNTERPART,0.5384615384615384,0.4444444444444444,False
GER,134551,THESPORTSDB:134551,Paderborn,,NO_AO_COUNTERPART,0.4210526315789473,0.4,False
GER,134690,THESPORTSDB:134690,Union Berlin,AO-UEFA-77977,EXACT_NAME,1.0,1.0,False
GER,134693,THESPORTSDB:134693,Darmstadt,,NO_AO_COUNTERPART,0.4210526315789473,0.3333333333333333,False
GER,134694,THESPORTSDB:134694,Ingolstadt,,NO_AO_COUNTERPART,0.4210526315789473,0.4,False
GER,134695,THESPORTSDB:134695,RasenBallsport Leipzig,AO-UEFA-2603790,VERIFIED_TARGET_ALIAS,1.0,0.0,False
GER,134696,THESPORTSDB:134696,FC Heidenheim,AO-UEFA-2603791,EXACT_NAME,1.0,1.0,False
GER,134779,THESPORTSDB:134779,M'gladbach,,NO_AO_COUNTERPART,0.72,0.3333333333333333,False
GER,136027,THESPORTSDB:136027,Holstein Kiel,,NO_AO_COUNTERPART,0.4347826086956521,0.4,False
GER,138411,THESPORTSDB:138411,Elversberg,,NO_AO_COUNTERPART,0.6,0.5263157894736842,False
GRE,133741,THESPORTSDB:133741,Giannina,,NO_AO_COUNTERPART,0.4761904761904761,0.32,False
GRE,133742,THESPORTSDB:133742,Aris,,NO_AO_COUNTERPART,0.8,0.6153846153846154,False
GRE,133743,THESPORTSDB:133743,OFI,AO-UEFA-52953,VERIFIED_TARGET_ALIAS,1.0,0.0,False
GRE,133744,THESPORTSDB:133744,Atromitos,AO-UEFA-84641,EXACT_NAME,1.0,1.0,False
GRE,133746,THESPORTSDB:133746,Panathinaikos,AO-UEFA-50084,EXACT_NAME,1.0,1.0,False
GRE,133749,THESPORTSDB:133749,PAOK,AO-UEFA-50130,EXACT_NAME,1.0,1.0,False
GRE,133750,THESPORTSDB:133750,Xanthi,,NO_AO_COUNTERPART,0.5263157894736842,0.4,False
GRE,133751,THESPORTSDB:133751,Panetolikos,,NO_AO_COUNTERPART,0.6666666666666666,0.5333333333333333,False
GRE,133752,THESPORTSDB:133752,Asteras Tripolis,AO-UEFA-2600293,EXACT_NAME,1.0,1.0,False
GRE,133753,THESPORTSDB:133753,AEK,AO-UEFA-50129,VERIFIED_TARGET_ALIAS,1.0,0.0,False
GRE,133754,THESPORTSDB:133754,Olympiakos,,NO_AO_COUNTERPART,0.9,0.5263157894736842,False
GRE,133755,THESPORTSDB:133755,Levadeiakos,,NO_AO_COUNTERPART,0.5,0.4761904761904761,False
GRE,133832,THESPORTSDB:133832,Panserraikos,,NO_AO_COUNTERPART,0.64,0.631578947368421,False
GRE,133887,THESPORTSDB:133887,Veria,,NO_AO_COUNTERPART,0.5,0.3636363636363636,False
GRE,134217,THESPORTSDB:134217,Ionikos,,NO_AO_COUNTERPART,0.6,0.4166666666666667,False
GRE,134228,THESPORTSDB:134228,Kallithea,,NO_AO_COUNTERPART,0.5263157894736842,0.5,False
GRE,134388,THESPORTSDB:134388,Apollon Smirnis,,NO_AO_COUNTERPART,0.4375,0.4242424242424242,False
GRE,135709,THESPORTSDB:135709,AE Larissa,,NO_AO_COUNTERPART,0.5,0.5,False
GRE,136029,THESPORTSDB:136029,Lamia,,NO_AO_COUNTERPART,0.5333333333333333,0.4285714285714285,False
GRE,136853,THESPORTSDB:136853,NFC Volos,,NO_AO_COUNTERPART,0.4210526315789473,0.3333333333333333,False
GRE,144147,THESPORTSDB:144147,Kifisia,,NO_AO_COUNTERPART,0.3076923076923077,0.3,False
HUN,134028,THESPORTSDB:134028,MTK Hungaria,,NO_AO_COUNTERPART,0.4,0.3448275862068966,False
HUN,134070,THESPORTSDB:134070,Kispest Honved,,NO_AO_COUNTERPART,0.6,0.5217391304347826,False
HUN,134611,THESPORTSDB:134611,Diosgyor,,NO_AO_COUNTERPART,0.6666666666666666,0.32,False
HUN,138181,THESPORTSDB:138181,Mezőkövesdi SE,,NO_AO_COUNTERPART,0.4,0.4,False
HUN,138185,THESPORTSDB:138185,Paks,,NO_AO_COUNTERPART,0.8888888888888888,0.4,False
HUN,138186,THESPORTSDB:138186,Zalaegerszeg,,NO_AO_COUNTERPART,0.8571428571428571,0.3,False
HUN,140065,THESPORTSDB:140065,Budafoki MTE,,NO_AO_COUNTERPART,0.4,0.3809523809523809,False
HUN,141221,THESPORTSDB:141221,Gyirmót,,NO_AO_COUNTERPART,0.5454545454545454,0.2666666666666666,False
HUN,141222,THESPORTSDB:141222,Kazincbarcika,,NO_AO_COUNTERPART,0.4761904761904761,0.3571428571428571,False
HUN,141223,THESPORTSDB:141223,Nyíregyháza,,NO_AO_COUNTERPART,0.3157894736842105,0.2727272727272727,False
HUN,141231,THESPORTSDB:141231,Vasas,,NO_AO_COUNTERPART,0.4615384615384615,0.4,False
HUN,AO:AO-UEFA-2605472,AO_CANONICAL:AO-UEFA-2605472,Puskás Akadémia,AO-UEFA-2605472,EXACT_NAME,1.0,1.0,False
HUN,AO:AO-UEFA-2605958,AO_CANONICAL:AO-UEFA-2605958,Kisvárda,AO-UEFA-2605958,EXACT_NAME,1.0,1.0,False
HUN,AO:AO-UEFA-50132,AO_CANONICAL:AO-UEFA-50132,Újpest,AO-UEFA-50132,EXACT_NAME,1.0,1.0,False
HUN,AO:AO-UEFA-52287,AO_CANONICAL:AO-UEFA-52287,Győri ETO,AO-UEFA-52287,EXACT_NAME,1.0,1.0,False
HUN,AO:AO-UEFA-52288,AO_CANONICAL:AO-UEFA-52288,Videoton FC Fehervar,AO-UEFA-52288,EXACT_NAME,1.0,1.0,False
HUN,AO:AO-UEFA-52298,AO_CANONICAL:AO-UEFA-52298,Ferencváros,AO-UEFA-52298,EXACT_NAME,1.0,1.0,False
HUN,AO:AO-UEFA-52958,AO_CANONICAL:AO-UEFA-52958,Debrecen,AO-UEFA-52958,EXACT_NAME,1.0,1.0,False
HUN,AO:AO-UEFA-64182,AO_CANONICAL:AO-UEFA-64182,Zalaegerszegi TE,AO-UEFA-64182,EXACT_NAME,1.0,1.0,False
HUN,AO:AO-UEFA-77898,AO_CANONICAL:AO-UEFA-77898,Kecskeméti TE,AO-UEFA-77898,EXACT_NAME,1.0,1.0,False
HUN,AO:AO-UEFA-93452,AO_CANONICAL:AO-UEFA-93452,Paksi FC,AO-UEFA-93452,EXACT_NAME,1.0,1.0,False
HUN,HF:1193,THESPORTSDB:HF:1193,Nyiregyhaza,,NO_AO_COUNTERPART,0.3157894736842105,0.2727272727272727,False
HUN,HF:1196,THESPORTSDB:HF:1196,MTK Budapest,,NO_AO_COUNTERPART,0.6666666666666666,0.5555555555555556,False
HUN,HF:1198,THESPORTSDB:HF:1198,Puskas Academy,,NO_AO_COUNTERPART,0.8275862068965517,0.3478260869565217,False
HUN,HF:1199,THESPORTSDB:HF:1199,Diosgyori VTK,,NO_AO_COUNTERPART,0.4705882352941176,0.3448275862068966,False
HUN,HF:1200,THESPORTSDB:HF:1200,Paks,,NO_AO_COUNTERPART,0.8888888888888888,0.4,False
HUN,HF:1203,THESPORTSDB:HF:1203,Ferencvarosi TC,,NO_AO_COUNTERPART,0.8461538461538461,0.5217391304347826,False
HUN,HF:1204,THESPORTSDB:HF:1204,Debreceni VSC,,NO_AO_COUNTERPART,0.7619047619047619,0.5,False
HUN,HF:1205,THESPORTSDB:HF:1205,Mezokovesd-zsory,,NO_AO_COUNTERPART,0.3870967741935484,0.303030303030303,False
HUN,HF:1207,THESPORTSDB:HF:1207,Vasas,,NO_AO_COUNTERPART,0.4615384615384615,0.4,False
HUN,HF:1208,THESPORTSDB:HF:1208,Budapest Honved,,NO_AO_COUNTERPART,0.5833333333333334,0.5714285714285714,False
HUN,HF:1209,THESPORTSDB:HF:1209,Gyirmot SE,,NO_AO_COUNTERPART,0.4285714285714285,0.3703703703703703,False
HUN,HF:4574,THESPORTSDB:HF:4574,Szombathelyi Haladas,,NO_AO_COUNTERPART,0.4,0.303030303030303,False
HUN,HF:4576,THESPORTSDB:HF:4576,Pécsi MFC,,NO_AO_COUNTERPART,0.4545454545454545,0.4444444444444444,False
HUN,HF:4577,THESPORTSDB:HF:4577,Kaposvar,,NO_AO_COUNTERPART,0.625,0.375,False
HUN,HF:4579,THESPORTSDB:HF:4579,Pápa,,NO_AO_COUNTERPART,0.4444444444444444,0.3333333333333333,False
HUN,HF:4580,THESPORTSDB:HF:4580,Dunaújváros-Pálhalma,,NO_AO_COUNTERPART,0.4571428571428571,0.3870967741935484,False
HUN,HF:4581,THESPORTSDB:HF:4581,Bekescsaba 1912,,NO_AO_COUNTERPART,0.3571428571428571,0.3478260869565217,False
HUN,HF:4582,THESPORTSDB:HF:4582,Balmazujvaros,,NO_AO_COUNTERPART,0.4166666666666667,0.3157894736842105,False
ISR,133950,THESPORTSDB:133950,Hapoel Kiryat Shmona,,NO_AO_COUNTERPART,0.6486486486486487,0.5625,False
ISR,134009,THESPORTSDB:134009,Bnei Yehuda,AO-UEFA-64189,EXACT_NAME,1.0,1.0,False
ISR,134087,THESPORTSDB:134087,Maccabi Netanya,AO-UEFA-73561,EXACT_NAME,1.0,1.0,False
ISR,134124,THESPORTSDB:134124,Hapoel Tel-Aviv,,NO_AO_COUNTERPART,0.72,0.6666666666666666,False
ISR,134315,THESPORTSDB:134315,Maccabi Tel Aviv,AO-UEFA-57477,EXACT_NAME,1.0,1.0,False
ISR,134400,THESPORTSDB:134400,Maccabi Haifa,AO-UEFA-59045,EXACT_NAME,1.0,1.0,False
ISR,134799,THESPORTSDB:134799,Hapoel Beer Sheva,AO-UEFA-59340,EXACT_NAME,1.0,1.0,False
ISR,135991,THESPORTSDB:135991,FC Ashdod,AO-UEFA-64186,EXACT_NAME,1.0,1.0,False
ISR,135992,THESPORTSDB:135992,Beitar Jerusalem,AO-UEFA-59034,EXACT_NAME,1.0,1.0,False
ISR,135994,THESPORTSDB:135994,Bnei Sakhnin,,NO_AO_COUNTERPART,0.5217391304347826,0.4444444444444444,False
ISR,135995,THESPORTSDB:135995,Hapoel Haifa,AO-UEFA-60573,EXACT_NAME,1.0,1.0,False
ISR,135996,THESPORTSDB:135996,Hapoel Kfar Saba,,NO_AO_COUNTERPART,0.6666666666666666,0.6428571428571429,False
ISR,135998,THESPORTSDB:135998,Maccabi Petach Tikva,AO-UEFA-61576,HIGH_CONFIDENCE_FUZZY,0.9743589743589745,0.6857142857142857,False
ISR,136198,THESPORTSDB:136198,Hapoel Hadera Eran,,NO_AO_COUNTERPART,0.6666666666666666,0.5714285714285714,False
ISR,137913,THESPORTSDB:137913,Sektzia Nes Tziona,,NO_AO_COUNTERPART,0.4516129032258064,0.4444444444444444,False
ISR,141235,THESPORTSDB:141235,Hapoel Jerusalem,,NO_AO_COUNTERPART,0.6875,0.6666666666666666,False
ISR,141237,THESPORTSDB:141237,Hapoel Nof HaGalil,,NO_AO_COUNTERPART,0.6666666666666666,0.5714285714285714,False
ISR,141238,THESPORTSDB:141238,Hapoel Petah Tikva,,NO_AO_COUNTERPART,0.7741935483870968,0.6666666666666666,False
ISR,141801,THESPORTSDB:141801,Maccabi Bnei Raina,,NO_AO_COUNTERPART,0.7878787878787878,0.7096774193548387,False
ISR,146401,THESPORTSDB:146401,Ironi Tiberias,,NO_AO_COUNTERPART,0.4,0.3870967741935484,False
ITA,133667,THESPORTSDB:133667,Milan,AO-UEFA-50058,EXACT_NAME,1.0,1.0,False
ITA,133668,THESPORTSDB:133668,Lazio,AO-UEFA-52973,EXACT_NAME,1.0,1.0,False
ITA,133669,THESPORTSDB:133669,Cesena,,NO_AO_COUNTERPART,0.375,0.3333333333333333,False
ITA,133670,THESPORTSDB:133670,Napoli,AO-UEFA-50136,EXACT_NAME,1.0,1.0,False
ITA,133671,THESPORTSDB:133671,Catania,,NO_AO_COUNTERPART,0.6666666666666666,0.3333333333333333,False
ITA,133674,THESPORTSDB:133674,Fiorentina,AO-UEFA-52817,EXACT_NAME,1.0,1.0,False
ITA,133675,THESPORTSDB:133675,Genoa,,NO_AO_COUNTERPART,0.5,0.4444444444444444,False
ITA,133676,THESPORTSDB:133676,Juventus,AO-UEFA-50139,EXACT_NAME,1.0,1.0,False
ITA,133677,THESPORTSDB:133677,Parma,,NO_AO_COUNTERPART,0.6666666666666666,0.3076923076923077,False
ITA,133678,THESPORTSDB:133678,Lecce,,NO_AO_COUNTERPART,0.2105263157894736,0.2,False
ITA,133679,THESPORTSDB:133679,Udinese,,NO_AO_COUNTERPART,0.5,0.4,False
ITA,133680,THESPORTSDB:133680,Palermo,,NO_AO_COUNTERPART,0.4285714285714285,0.3333333333333333,False
ITA,133681,THESPORTSDB:133681,Inter,AO-UEFA-50138,EXACT_NAME,1.0,1.0,False
ITA,133682,THESPORTSDB:133682,Roma,AO-UEFA-50137,EXACT_NAME,1.0,1.0,False
ITA,133683,THESPORTSDB:133683,Sampdoria,,NO_AO_COUNTERPART,0.5333333333333333,0.4210526315789473,False
ITA,133685,THESPORTSDB:133685,Pescara,,NO_AO_COUNTERPART,0.3333333333333333,0.2857142857142857,False
ITA,133687,THESPORTSDB:133687,Torino,AO-UEFA-50029,EXACT_NAME,1.0,1.0,False
ITA,133690,THESPORTSDB:133690,Brescia,,NO_AO_COUNTERPART,0.4705882352941176,0.3636363636363636,False
ITA,133693,THESPORTSDB:133693,Crotone,,NO_AO_COUNTERPART,0.4615384615384615,0.4285714285714285,False
ITA,133694,THESPORTSDB:133694,Livorno,,NO_AO_COUNTERPART,0.6153846153846154,0.5,False
ITA,133695,THESPORTSDB:133695,Empoli,,NO_AO_COUNTERPART,0.6666666666666666,0.3636363636363636,False
ITA,133701,THESPORTSDB:133701,Sassuolo,,NO_AO_COUNTERPART,0.4285714285714285,0.4,False
ITA,133818,THESPORTSDB:133818,Frosinone,,NO_AO_COUNTERPART,0.5333333333333333,0.4347826086956521,False
ITA,133846,THESPORTSDB:133846,Salernitana,,NO_AO_COUNTERPART,0.5263157894736842,0.4761904761904761,False
ITA,133859,THESPORTSDB:133859,Pisa,,NO_AO_COUNTERPART,0.4444444444444444,0.4,False
ITA,133879,THESPORTSDB:133879,Spezia,,NO_AO_COUNTERPART,0.4,0.375,False
ITA,134224,THESPORTSDB:134224,Cremonese,,NO_AO_COUNTERPART,0.3529411764705882,0.3478260869565217,False
ITA,134234,THESPORTSDB:134234,Venezia,,NO_AO_COUNTERPART,0.4761904761904761,0.4705882352941176,False
ITA,134243,THESPORTSDB:134243,Como,AO-UEFA-79946,VERIFIED_TARGET_ALIAS,1.0,0.0,False
ITA,134270,THESPORTSDB:134270,Monza,,NO_AO_COUNTERPART,0.5,0.4444444444444444,False
ITA,134405,THESPORTSDB:134405,Carpi,,NO_AO_COUNTERPART,0.5454545454545454,0.4,False
ITA,134665,THESPORTSDB:134665,SPAL 2013,,NO_AO_COUNTERPART,0.2666666666666666,0.25,False
ITA,134688,THESPORTSDB:134688,Benevento,,NO_AO_COUNTERPART,0.4705882352941176,0.3157894736842105,False
ITA,134780,THESPORTSDB:134780,Chievo,,NO_AO_COUNTERPART,0.3636363636363636,0.3636363636363636,False
ITA,134781,THESPORTSDB:134781,Bologna,AO-UEFA-52969,EXACT_NAME,1.0,1.0,False
ITA,134782,THESPORTSDB:134782,Atalanta,AO-UEFA-52816,EXACT_NAME,1.0,1.0,False
ITA,134783,THESPORTSDB:134783,Cagliari,,NO_AO_COUNTERPART,0.4285714285714285,0.375,False
ITA,134784,THESPORTSDB:134784,Verona,,NO_AO_COUNTERPART,0.6,0.5,False
ITA,135728,THESPORTSDB:135728,Parma Calcio 1913,,NO_AO_COUNTERPART,0.3333333333333333,0.2727272727272727,False
KAZ,133974,THESPORTSDB:133974,Shakhter Karaganda,,NO_AO_COUNTERPART,0.918918918918919,0.4705882352941176,False
KAZ,134052,THESPORTSDB:134052,Jetysu Taldykorgan,,NO_AO_COUNTERPART,0.4848484848484848,0.4117647058823529,False
KAZ,134348,THESPORTSDB:134348,I. Pavlodar,,NO_AO_COUNTERPART,0.8,0.4347826086956521,False
KAZ,138037,THESPORTSDB:138037,Caspiy Aktau,,NO_AO_COUNTERPART,0.4444444444444444,0.4137931034482758,False
KAZ,138039,THESPORTSDB:138039,Kyzylzhar Petropavl,,NO_AO_COUNTERPART,0.6428571428571429,0.4117647058823529,False
KAZ,138040,THESPORTSDB:138040,Okzhetpes,,NO_AO_COUNTERPART,0.3529411764705882,0.3333333333333333,False
KAZ,138041,THESPORTSDB:138041,FC Taraz,,NO_AO_COUNTERPART,0.5454545454545454,0.3636363636363636,False
KAZ,140521,THESPORTSDB:140521,Atyrau,,NO_AO_COUNTERPART,0.5,0.5,False
KAZ,140797,THESPORTSDB:140797,Akzhayik,,NO_AO_COUNTERPART,0.4705882352941176,0.4285714285714285,False
KAZ,140798,THESPORTSDB:140798,Turan,,NO_AO_COUNTERPART,0.5454545454545454,0.4210526315789473,False
KAZ,144012,THESPORTSDB:144012,Altai Öskemen,,NO_AO_COUNTERPART,0.4666666666666667,0.42105263157894735,False
KAZ,145002,THESPORTSDB:145002,FK Aksu,,NO_AO_COUNTERPART,0.4,0.4,False
KAZ,145003,THESPORTSDB:145003,FK Maktaaral,,NO_AO_COUNTERPART,0.5333333333333333,0.4705882352941176,False
KAZ,148411,THESPORTSDB:148411,Elimai,,NO_AO_COUNTERPART,0.3157894736842105,0.3,False
KAZ,148412,THESPORTSDB:148412,Jeńis,,NO_AO_COUNTERPART,0.3636363636363636,0.2105263157894736,False
KAZ,150755,THESPORTSDB:150755,Ulytau,,NO_AO_COUNTERPART,0.3333333333333333,0.3333333333333333,False
KAZ,AO:AO-UEFA-2600605,AO_CANONICAL:AO-UEFA-2600605,Astana,AO-UEFA-2600605,EXACT_NAME,1.0,1.0,False
KAZ,AO:AO-UEFA-79964,AO_CANONICAL:AO-UEFA-79964,Irtysh,AO-UEFA-79964,EXACT_NAME,1.0,1.0,False
KAZ,AO:AO-UEFA-79967,AO_CANONICAL:AO-UEFA-79967,Kyzylzhar SK,AO-UEFA-79967,EXACT_NAME,1.0,1.0,False
KAZ,AO:AO-UEFA-79969,AO_CANONICAL:AO-UEFA-79969,Tobol,AO-UEFA-79969,EXACT_NAME,1.0,1.0,False
KAZ,AO:AO-UEFA-79970,AO_CANONICAL:AO-UEFA-79970,Kairat Almaty,AO-UEFA-79970,EXACT_NAME,1.0,1.0,False
KAZ,AO:AO-UEFA-79971,AO_CANONICAL:AO-UEFA-79971,Kaisar Kyzylorda,AO-UEFA-79971,HIGH_CONFIDENCE_FUZZY,0.9375,0.48,False
KAZ,AO:AO-UEFA-79973,AO_CANONICAL:AO-UEFA-79973,Aktobe,AO-UEFA-79973,EXACT_NAME,1.0,1.0,False
KAZ,AO:AO-UEFA-82825,AO_CANONICAL:AO-UEFA-82825,Ordabasy Shymkent,AO-UEFA-82825,EXACT_NAME,1.0,1.0,False
KAZ,HF:100004547,THESPORTSDB:HF:100004547,Akzhayik,,NO_AO_COUNTERPART,0.4705882352941176,0.4285714285714285,False
KAZ,HF:100004559,THESPORTSDB:HF:100004559,Taraz,,NO_AO_COUNTERPART,0.5454545454545454,0.3636363636363636,False
KAZ,HF:100011476,THESPORTSDB:HF:100011476,Spartak Semey,,NO_AO_COUNTERPART,0.4615384615384615,0.3809523809523809,False
KAZ,HF:100011477,THESPORTSDB:HF:100011477,Vostok,,NO_AO_COUNTERPART,0.3636363636363636,0.3333333333333333,False
KAZ,HF:1874,THESPORTSDB:HF:1874,FK Tobol Kostanay,,NO_AO_COUNTERPART,0.8571428571428571,0.5,False
KAZ,HF:1961,THESPORTSDB:HF:1961,Kaisar,,NO_AO_COUNTERPART,0.8333333333333334,0.5,False
KAZ,HF:2753,THESPORTSDB:HF:2753,Shakhter Karagandy,,NO_AO_COUNTERPART,0.8648648648648649,0.3870967741935484,False
KAZ,HF:6309,THESPORTSDB:HF:6309,Okzhetpes,,NO_AO_COUNTERPART,0.3529411764705882,0.3333333333333333,False
KAZ,HF:6314,THESPORTSDB:HF:6314,Atyrau,,NO_AO_COUNTERPART,0.5,0.5,False
KAZ,HF:6317,THESPORTSDB:HF:6317,Zhetysu,,NO_AO_COUNTERPART,0.4615384615384615,0.3076923076923077,False
LIT,137990,THESPORTSDB:137990,Džiugas Telšiai,,NO_AO_COUNTERPART,0.5217391304347826,0.46153846153846156,False
LIT,AO:AO-UEFA-2602334,AO_CANONICAL:AO-UEFA-2602334,Žalgiris Vilnius,AO-UEFA-2602334,EXACT_NAME,1.0,1.0,False
LIT,AO:AO-UEFA-2605907,AO_CANONICAL:AO-UEFA-2605907,Kauno Žalgiris,AO-UEFA-2605907,EXACT_NAME,1.0,1.0,False
LIT,AO:AO-UEFA-2606168,AO_CANONICAL:AO-UEFA-2606168,Riteriai,AO-UEFA-2606168,EXACT_NAME,1.0,1.0,False
LIT,AO:AO-UEFA-2607108,AO_CANONICAL:AO-UEFA-2607108,Hegelmann,AO-UEFA-2607108,EXACT_NAME,1.0,1.0,False
LIT,AO:AO-UEFA-2607177,AO_CANONICAL:AO-UEFA-2607177,Stumbras,AO-UEFA-2607177,EXACT_NAME,1.0,1.0,False
LIT,AO:AO-UEFA-2608927,AO_CANONICAL:AO-UEFA-2608927,Panevėžys,AO-UEFA-2608927,EXACT_NAME,1.0,1.0,False
LIT,AO:AO-UEFA-2613214,AO_CANONICAL:AO-UEFA-2613214,TransINVEST Vilnius,AO-UEFA-2613214,EXACT_NAME,1.0,1.0,False
LIT,AO:AO-UEFA-64348,AO_CANONICAL:AO-UEFA-64348,Banga Gargždai,AO-UEFA-64348,EXACT_NAME,1.0,1.0,False
LIT,AO:AO-UEFA-77906,AO_CANONICAL:AO-UEFA-77906,Šiauliai,AO-UEFA-77906,EXACT_NAME,1.0,1.0,False
LIT,AO:AO-UEFA-79557,AO_CANONICAL:AO-UEFA-79557,Sūduva,AO-UEFA-79557,EXACT_NAME,1.0,1.0,False
LIT,HF:100003862,THESPORTSDB:HF:100003862,Jonava,,NO_AO_COUNTERPART,0.3636363636363636,0.3333333333333333,False
LIT,HF:100003865,THESPORTSDB:HF:100003865,Nevėžis,,NO_AO_COUNTERPART,0.75,0.4444444444444444,False
LIT,HF:100003873,THESPORTSDB:HF:100003873,Palanga,,NO_AO_COUNTERPART,0.6666666666666666,0.4,False
LIT,HF:100011884,THESPORTSDB:HF:100011884,Utenis Utena,,NO_AO_COUNTERPART,0.4444444444444444,0.4,False
LIT,HF:100011885,THESPORTSDB:HF:100011885,Tauras,,NO_AO_COUNTERPART,0.7142857142857143,0.5,False
LIT,HF:100011898,THESPORTSDB:HF:100011898,Granitas Klaipėda,,NO_AO_COUNTERPART,0.4375,0.4347826086956521,False
LIT,HF:2053,THESPORTSDB:HF:2053,Hegelmann Litauen,,NO_AO_COUNTERPART,0.6923076923076923,0.3888888888888889,False
LIT,HF:4949,THESPORTSDB:HF:4949,Ekranas,,NO_AO_COUNTERPART,0.5,0.4615384615384615,False
LIT,HF:4970,THESPORTSDB:HF:4970,Atlantas,,NO_AO_COUNTERPART,0.4615384615384615,0.4210526315789473,False
LIT,HF:5185,THESPORTSDB:HF:5185,Kruoja,,NO_AO_COUNTERPART,0.3333333333333333,0.3333333333333333,False
LIT,HF:6344,THESPORTSDB:HF:6344,Dainava,,NO_AO_COUNTERPART,0.5,0.4615384615384615,False
LIT,HF:6345,THESPORTSDB:HF:6345,Džiugas Telšiai,,NO_AO_COUNTERPART,0.5217391304347826,0.4615384615384615,False
LIT,HF:6346,THESPORTSDB:HF:6346,Neptūną Klaipėda,,NO_AO_COUNTERPART,0.4545454545454545,0.3703703703703703,False
LIT,HF:6347,THESPORTSDB:HF:6347,Be1 NFA,,NO_AO_COUNTERPART,0.5,0.3636363636363636,False
NED,133757,THESPORTSDB:133757,Excelsior,,NO_AO_COUNTERPART,0.4444444444444444,0.3333333333333333,False
NED,133758,THESPORTSDB:133758,Feyenoord,AO-UEFA-52749,EXACT_NAME,1.0,1.0,False
NED,133759,THESPORTSDB:133759,Heerenveen,,NO_AO_COUNTERPART,0.375,0.32,False
NED,133760,THESPORTSDB:133760,Nijmegen,AO-UEFA-52330,VERIFIED_TARGET_ALIAS,1.0,0.0,False
NED,133761,THESPORTSDB:133761,Roda,,NO_AO_COUNTERPART,0.3157894736842105,0.3076923076923077,False
NED,133762,THESPORTSDB:133762,Groningen,,NO_AO_COUNTERPART,0.3636363636363636,0.3333333333333333,False
NED,133764,THESPORTSDB:133764,Utrecht,AO-UEFA-52323,EXACT_NAME,1.0,1.0,False
NED,133765,THESPORTSDB:133765,Waalwijk,,NO_AO_COUNTERPART,0.3333333333333333,0.2608695652173913,False
NED,133766,THESPORTSDB:133766,Heracles,,NO_AO_COUNTERPART,0.5217391304347826,0.2857142857142857,False
NED,133767,THESPORTSDB:133767,AZ Alkmaar,AO-UEFA-52327,EXACT_NAME,1.0,1.0,False
NED,133768,THESPORTSDB:133768,PSV Eindhoven,AO-UEFA-50062,EXACT_NAME,1.0,1.0,False
NED,133769,THESPORTSDB:133769,Den Haag,,NO_AO_COUNTERPART,0.3478260869565217,0.3333333333333333,False
NED,133770,THESPORTSDB:133770,Vitesse,AO-UEFA-52985,EXACT_NAME,1.0,1.0,False
NED,133771,THESPORTSDB:133771,De Graafschap,,NO_AO_COUNTERPART,0.3571428571428571,0.3,False
NED,133772,THESPORTSDB:133772,Ajax,AO-UEFA-50143,EXACT_NAME,1.0,1.0,False
NED,133773,THESPORTSDB:133773,NAC Breda,,NO_AO_COUNTERPART,0.3333333333333333,0.3333333333333333,False
NED,133774,THESPORTSDB:133774,Twente,AO-UEFA-52818,EXACT_NAME,1.0,1.0,False
NED,133827,THESPORTSDB:133827,Willem II,AO-UEFA-52987,EXACT_NAME,1.0,1.0,False
NED,133866,THESPORTSDB:133866,Sparta,,NO_AO_COUNTERPART,0.4,0.3076923076923077,False
NED,133867,THESPORTSDB:133867,FC Volendam,,NO_AO_COUNTERPART,0.3809523809523809,0.3636363636363636,False
NED,133936,THESPORTSDB:133936,FC Zwolle,,NO_AO_COUNTERPART,0.5333333333333333,0.3333333333333333,False
NED,134236,THESPORTSDB:134236,FC Den Bosch,,NO_AO_COUNTERPART,0.5,0.375,False
NED,134264,THESPORTSDB:134264,Fortuna Sittard,,NO_AO_COUNTERPART,0.3333333333333333,0.3333333333333333,False
NED,134303,THESPORTSDB:134303,Cambuur,,NO_AO_COUNTERPART,0.3529411764705882,0.3333333333333333,False
NED,134304,THESPORTSDB:134304,Go Ahead Eagles,AO-UEFA-64207,EXACT_NAME,1.0,1.0,False
NED,134550,THESPORTSDB:134550,FC Dordrecht,,NO_AO_COUNTERPART,0.625,0.3333333333333333,False
NED,136030,THESPORTSDB:136030,VVV-Venlo,,NO_AO_COUNTERPART,0.4545454545454545,0.3333333333333333,False
NED,136191,THESPORTSDB:136191,FC Emmen,,NO_AO_COUNTERPART,0.4285714285714285,0.3636363636363636,False
NED,137996,THESPORTSDB:137996,Almere City FC,,NO_AO_COUNTERPART,0.4444444444444444,0.4,False
NED,137997,THESPORTSDB:137997,FC Eindhoven,,NO_AO_COUNTERPART,0.8181818181818182,0.3478260869565217,False
NED,138003,THESPORTSDB:138003,MVV Maastricht,,NO_AO_COUNTERPART,0.4761904761904761,0.4166666666666667,False
NED,138004,THESPORTSDB:138004,SC Telstar,,NO_AO_COUNTERPART,0.4761904761904761,0.4285714285714285,False
NOR,133958,THESPORTSDB:133958,Molde,AO-UEFA-50142,EXACT_NAME,1.0,1.0,False
NOR,133990,THESPORTSDB:133990,Rosenborg,AO-UEFA-52806,EXACT_NAME,1.0,1.0,False
NOR,133997,THESPORTSDB:133997,Tromso,,NO_AO_COUNTERPART,0.9090909090909092,0.5333333333333333,False
NOR,133998,THESPORTSDB:133998,Aalesund,,NO_AO_COUNTERPART,0.7058823529411765,0.4705882352941176,False
NOR,134054,THESPORTSDB:134054,Stabaek,,NO_AO_COUNTERPART,0.4347826086956521,0.375,False
NOR,134563,THESPORTSDB:134563,Sogndal,,NO_AO_COUNTERPART,0.375,0.375,False
NOR,134564,THESPORTSDB:134564,Stroemsgodset,,NO_AO_COUNTERPART,0.5555555555555556,0.3636363636363636,False
NOR,134566,THESPORTSDB:134566,Sarpsborg 08,AO-UEFA-2604486,EXACT_NAME,1.0,1.0,False
NOR,134568,THESPORTSDB:134568,Start,,NO_AO_COUNTERPART,0.4285714285714285,0.4,False
NOR,134569,THESPORTSDB:134569,Lillestroem,AO-UEFA-52314,VERIFIED_TARGET_ALIAS,1.0,0.0,False
NOR,134570,THESPORTSDB:134570,Viking,AO-UEFA-52319,EXACT_NAME,1.0,1.0,False
NOR,134571,THESPORTSDB:134571,Brann,AO-UEFA-52770,EXACT_NAME,1.0,1.0,False
NOR,134572,THESPORTSDB:134572,FK Haugesund,AO-UEFA-64214,EXACT_NAME,1.0,1.0,False
NOR,134573,THESPORTSDB:134573,Odd Ballklubb,,NO_AO_COUNTERPART,0.3636363636363636,0.32,False
NOR,134574,THESPORTSDB:134574,Vaalerenga,AO-UEFA-52318,HIGH_CONFIDENCE_FUZZY,0.9473684210526316,0.4545454545454545,False
NOR,134749,THESPORTSDB:134749,Fredrikstad,AO-UEFA-64211,EXACT_NAME,1.0,1.0,False
NOR,134750,THESPORTSDB:134750,Bryne,,NO_AO_COUNTERPART,0.6,0.3157894736842105,False
NOR,134753,THESPORTSDB:134753,Hamarkameratene,,NO_AO_COUNTERPART,0.4166666666666667,0.3703703703703703,False
NOR,134754,THESPORTSDB:134754,Kristiansund BK,,NO_AO_COUNTERPART,0.4615384615384615,0.4444444444444444,False
NOR,135497,THESPORTSDB:135497,Bodoe/Glimt,AO-UEFA-59333,VERIFIED_TARGET_ALIAS,1.0,0.0,False
NOR,135501,THESPORTSDB:135501,Mjoendalen,,NO_AO_COUNTERPART,0.4210526315789473,0.4,False
NOR,135715,THESPORTSDB:135715,Sandefjord,,NO_AO_COUNTERPART,0.4210526315789473,0.4210526315789473,False
NOR,135719,THESPORTSDB:135719,JERV,,NO_AO_COUNTERPART,0.3076923076923077,0.3076923076923077,False
NOR,135723,THESPORTSDB:135723,KFUM,,NO_AO_COUNTERPART,0.2222222222222222,0.2222222222222222,False
NOR,135724,THESPORTSDB:135724,Kongsvinger,,NO_AO_COUNTERPART,0.6666666666666666,0.3478260869565217,False
NOR,147094,THESPORTSDB:147094,Moss,,NO_AO_COUNTERPART,0.4444444444444444,0.4444444444444444,False
POL,133952,THESPORTSDB:133952,Slask Wroclaw,AO-UEFA-52655,EXACT_NAME,1.0,1.0,False
POL,133992,THESPORTSDB:133992,Legia Warsaw,AO-UEFA-50146,EXACT_NAME,1.0,1.0,False
POL,134010,THESPORTSDB:134010,Lech Poznan,AO-UEFA-64227,EXACT_NAME,1.0,1.0,False
POL,134016,THESPORTSDB:134016,Ruch Chorzow,,NO_AO_COUNTERPART,0.4444444444444444,0.4347826086956521,False
POL,134489,THESPORTSDB:134489,Widzew Lodz,,NO_AO_COUNTERPART,0.3636363636363636,0.2857142857142857,False
POL,135294,THESPORTSDB:135294,Cracovia Krakow,AO-UEFA-88133,EXACT_NAME,1.0,1.0,False
POL,135295,THESPORTSDB:135295,Gornik Leczna,,NO_AO_COUNTERPART,0.6153846153846154,0.5185185185185185,False
POL,135296,THESPORTSDB:135296,Gornik Zabrze,AO-UEFA-50063,EXACT_NAME,1.0,1.0,False
POL,135297,THESPORTSDB:135297,Jagiellonia Bialystok,AO-UEFA-2600277,EXACT_NAME,1.0,1.0,False
POL,135298,THESPORTSDB:135298,Korona Kielce,,NO_AO_COUNTERPART,0.3846153846153846,0.3846153846153846,False
POL,135299,THESPORTSDB:135299,Lechia Gdańsk,AO-UEFA-52763,EXACT_NAME,1.0,1.0,False
POL,135300,THESPORTSDB:135300,Piast Gliwice,AO-UEFA-2600545,EXACT_NAME,1.0,1.0,False
POL,135301,THESPORTSDB:135301,Podbeskidzie Bielsko-Biala,,NO_AO_COUNTERPART,0.3829787234042553,0.3076923076923077,False
POL,135302,THESPORTSDB:135302,Pogon Szczecin,AO-UEFA-52652,EXACT_NAME,1.0,1.0,False
POL,135303,THESPORTSDB:135303,Wisla Krakow,AO-UEFA-52651,EXACT_NAME,1.0,1.0,False
POL,135495,THESPORTSDB:135495,Nieciecza,,NO_AO_COUNTERPART,0.5333333333333333,0.4,False
POL,135496,THESPORTSDB:135496,Zaglebie Lubin,,NO_AO_COUNTERPART,0.48,0.3703703703703703,False
POL,135659,THESPORTSDB:135659,Wisla Plock,,NO_AO_COUNTERPART,0.6086956521739131,0.5,False
POL,135660,THESPORTSDB:135660,Arka Gdynia,,NO_AO_COUNTERPART,0.4545454545454545,0.4166666666666667,False
POL,136190,THESPORTSDB:136190,Miedz Legnica,,NO_AO_COUNTERPART,0.5,0.4210526315789473,False
POL,137112,THESPORTSDB:137112,LKS Lodz,,NO_AO_COUNTERPART,0.4210526315789473,0.3809523809523809,False
POL,137670,THESPORTSDB:137670,Rakow Czestochowa,AO-UEFA-60566,EXACT_NAME,1.0,1.0,False
POL,138905,THESPORTSDB:138905,Stal Mielec,,NO_AO_COUNTERPART,0.4166666666666667,0.3636363636363636,False
POL,138906,THESPORTSDB:138906,Warta Poznań,,NO_AO_COUNTERPART,0.6086956521739131,0.3846153846153846,False
POL,138913,THESPORTSDB:138913,Puszcza Niepołomice,,NO_AO_COUNTERPART,0.4375,0.3636363636363636,False
POL,138916,THESPORTSDB:138916,Radomiak Radom,,NO_AO_COUNTERPART,0.6206896551724138,0.3846153846153846,False
POL,142467,THESPORTSDB:142467,GKS Katowice,,NO_AO_COUNTERPART,0.5,0.4,False
POL,147435,THESPORTSDB:147435,Motor Lublin,,NO_AO_COUNTERPART,0.3846153846153846,0.32,False
POL,152462,THESPORTSDB:152462,Wieczysta Kraków,,NO_AO_COUNTERPART,0.7857142857142857,0.5806451612903226,False
POR,134023,THESPORTSDB:134023,Maritimo,,NO_AO_COUNTERPART,0.4615384615384615,0.4285714285714285,False
POR,134098,THESPORTSDB:134098,Braga,AO-UEFA-52336,EXACT_NAME,1.0,1.0,False
POR,134106,THESPORTSDB:134106,Estoril-Praia,,NO_AO_COUNTERPART,0.5925925925925926,0.5,False
POR,134107,THESPORTSDB:134107,Rio Ave,AO-UEFA-64237,EXACT_NAME,1.0,1.0,False
POR,134108,THESPORTSDB:134108,Benfica,AO-UEFA-50147,EXACT_NAME,1.0,1.0,False
POR,134109,THESPORTSDB:134109,CD Nacional de Madeira,,NO_AO_COUNTERPART,0.5641025641025641,0.5,False
POR,134111,THESPORTSDB:134111,F.C. Paços de Ferreira,,NO_AO_COUNTERPART,0.8947368421052632,0.3125,False
POR,134112,THESPORTSDB:134112,Moreirense,,NO_AO_COUNTERPART,0.4166666666666667,0.3809523809523809,False
POR,134113,THESPORTSDB:134113,Gil Vicente,AO-UEFA-73926,EXACT_NAME,1.0,1.0,False
POR,134114,THESPORTSDB:134114,FC Porto,AO-UEFA-50064,EXACT_NAME,1.0,1.0,False
POR,134115,THESPORTSDB:134115,Guimaraes,,NO_AO_COUNTERPART,0.6923076923076923,0.4,False
POR,134386,THESPORTSDB:134386,Belenenses,,NO_AO_COUNTERPART,0.3809523809523809,0.3529411764705882,False
POR,134387,THESPORTSDB:134387,Arouca,AO-UEFA-2602955,EXACT_NAME,1.0,1.0,False
POR,134588,THESPORTSDB:134588,Boavista,,NO_AO_COUNTERPART,0.5333333333333333,0.4615384615384615,False
POR,135502,THESPORTSDB:135502,Tondela,,NO_AO_COUNTERPART,0.4285714285714285,0.3333333333333333,False
POR,135674,THESPORTSDB:135674,Chaves,,NO_AO_COUNTERPART,0.4615384615384615,0.3333333333333333,False
POR,135708,THESPORTSDB:135708,Sporting CP,AO-UEFA-50149,EXACT_NAME,1.0,1.0,False
POR,136031,THESPORTSDB:136031,Portimonense,,NO_AO_COUNTERPART,0.5882352941176471,0.5217391304347826,False
POR,136192,THESPORTSDB:136192,Santa Clara,AO-UEFA-73927,EXACT_NAME,1.0,1.0,False
POR,136854,THESPORTSDB:136854,Famalicao,,NO_AO_COUNTERPART,0.5,0.4,False
POR,138853,THESPORTSDB:138853,SC Farense,,NO_AO_COUNTERPART,0.3333333333333333,0.3333333333333333,False
POR,138856,THESPORTSDB:138856,Académico de Viseu,,NO_AO_COUNTERPART,0.45714285714285713,0.3448275862068966,False
POR,138864,THESPORTSDB:138864,Casa Pia,,NO_AO_COUNTERPART,0.4545454545454545,0.32,False
POR,140008,THESPORTSDB:140008,Estrela Amadora,,NO_AO_COUNTERPART,0.4615384615384615,0.3636363636363636,False
POR,140097,THESPORTSDB:140097,Vizela,,NO_AO_COUNTERPART,0.4615384615384615,0.3529411764705882,False
POR,143704,THESPORTSDB:143704,Alverca,,NO_AO_COUNTERPART,0.6153846153846154,0.4444444444444444,False
POR,143720,THESPORTSDB:143720,Torreense,AO-UEFA-2603107,VERIFIED_TARGET_ALIAS,1.0,0.0,False
POR,147479,THESPORTSDB:147479,AVS Futebol SAD,,NO_AO_COUNTERPART,0.4137931034482758,0.2857142857142857,False
ROM,133955,THESPORTSDB:133955,CFR Cluj-Napoca,,NO_AO_COUNTERPART,0.6956521739130435,0.4761904761904761,False
ROM,134005,THESPORTSDB:134005,Steaua Bucuresti,,NO_AO_COUNTERPART,0.3809523809523809,0.3243243243243243,False
ROM,134017,THESPORTSDB:134017,Rapid Bucuresti,,NO_AO_COUNTERPART,0.3333333333333333,0.3333333333333333,False
ROM,134121,THESPORTSDB:134121,Dinamo Bucuresti,,NO_AO_COUNTERPART,0.25,0.24,False
ROM,134322,THESPORTSDB:134322,Astra,,NO_AO_COUNTERPART,0.4,0.3076923076923077,False
ROM,134398,THESPORTSDB:134398,Petrolul,,NO_AO_COUNTERPART,0.375,0.375,False
ROM,135929,THESPORTSDB:135929,Otelul Galati,,NO_AO_COUNTERPART,0.3870967741935484,0.3870967741935484,False
ROM,138189,THESPORTSDB:138189,Gaz Metan Mediaș,,NO_AO_COUNTERPART,0.3870967741935484,0.3333333333333333,False
ROM,138192,THESPORTSDB:138192,Sepsi OSK Sfântu Gheorghe,,NO_AO_COUNTERPART,0.5294117647058824,0.2608695652173913,False
ROM,138193,THESPORTSDB:138193,FC Hermannstadt,,NO_AO_COUNTERPART,0.4444444444444444,0.4,False
ROM,138194,THESPORTSDB:138194,Politehnica Iași,,NO_AO_COUNTERPART,0.3783783783783784,0.3333333333333333,False
ROM,138195,THESPORTSDB:138195,Chindia Târgoviște,,NO_AO_COUNTERPART,0.358974358974359,0.3333333333333333,False
ROM,138196,THESPORTSDB:138196,Academica Clinceni,,NO_AO_COUNTERPART,0.3333333333333333,0.3076923076923077,False
ROM,138197,THESPORTSDB:138197,FC Voluntari,,NO_AO_COUNTERPART,0.4444444444444444,0.4444444444444444,False
ROM,138924,THESPORTSDB:138924,Uta Arad,,NO_AO_COUNTERPART,0.4705882352941176,0.3846153846153846,False
ROM,138925,THESPORTSDB:138925,Dunarea Calarasi,,NO_AO_COUNTERPART,0.5405405405405406,0.4705882352941176,False
ROM,138928,THESPORTSDB:138928,CS Mioveni,,NO_AO_COUNTERPART,0.4210526315789473,0.3333333333333333,False
ROM,138929,THESPORTSDB:138929,SCM Gloria Buzău,,NO_AO_COUNTERPART,0.4166666666666667,0.3333333333333333,False
ROM,138930,THESPORTSDB:138930,Csikszereda,,NO_AO_COUNTERPART,0.3448275862068966,0.3125,False
ROM,138931,THESPORTSDB:138931,Metaloglobus,,NO_AO_COUNTERPART,0.3333333333333333,0.2857142857142857,False
ROM,138932,THESPORTSDB:138932,Arges Pitesti,,NO_AO_COUNTERPART,0.3636363636363636,0.3571428571428571,False
ROM,140128,THESPORTSDB:140128,FC U Craiova 1948,,NO_AO_COUNTERPART,0.782608695652174,0.3448275862068966,False
ROM,140131,THESPORTSDB:140131,Unirea Slobozia,,NO_AO_COUNTERPART,0.5,0.4848484848484848,False
ROM,AO:AO-UEFA-2604753,AO_CANONICAL:AO-UEFA-2604753,Farul Constanța,AO-UEFA-2604753,EXACT_NAME,1.0,1.0,False
ROM,AO:AO-UEFA-2605104,AO_CANONICAL:AO-UEFA-2605104,Botoșani,AO-UEFA-2605104,EXACT_NAME,1.0,1.0,False
ROM,AO:AO-UEFA-2606501,AO_CANONICAL:AO-UEFA-2606501,Universitatea Craiova,AO-UEFA-2606501,EXACT_NAME,1.0,1.0,False
ROM,AO:AO-UEFA-50065,AO_CANONICAL:AO-UEFA-50065,FCSB,AO-UEFA-50065,EXACT_NAME,1.0,1.0,False
ROM,AO:AO-UEFA-52339,AO_CANONICAL:AO-UEFA-52339,Corvinul Hunedoara,AO-UEFA-52339,EXACT_NAME,1.0,1.0,False
ROM,AO:AO-UEFA-53025,AO_CANONICAL:AO-UEFA-53025,Universitatea Cluj,AO-UEFA-53025,EXACT_NAME,1.0,1.0,False
ROM,AO:AO-UEFA-88131,AO_CANONICAL:AO-UEFA-88131,CFR Cluj,AO-UEFA-88131,EXACT_NAME,1.0,1.0,False
ROM,HF:4488,THESPORTSDB:HF:4488,Pandurii TG JIU,,NO_AO_COUNTERPART,0.2857142857142857,0.2608695652173913,False
ROM,HF:4489,THESPORTSDB:HF:4489,GAZ Metan Medias,,NO_AO_COUNTERPART,0.3870967741935484,0.3333333333333333,False
ROM,HF:4490,THESPORTSDB:HF:4490,ASA Targu Mures,,NO_AO_COUNTERPART,0.3,0.2857142857142857,False
ROM,HF:4491,THESPORTSDB:HF:4491,FC Astra Giurgiu,,NO_AO_COUNTERPART,0.3225806451612903,0.2941176470588235,False
ROM,HF:4492,THESPORTSDB:HF:4492,Concordia,,NO_AO_COUNTERPART,0.4705882352941176,0.3529411764705882,False
ROM,HF:4493,THESPORTSDB:HF:4493,ACS Poli Timisoara,,NO_AO_COUNTERPART,0.3703703703703703,0.3333333333333333,False
ROM,HF:4494,THESPORTSDB:HF:4494,Juventus Bucuresti,,NO_AO_COUNTERPART,0.4102564102564102,0.2962962962962963,False
ROM,HF:4495,THESPORTSDB:HF:4495,Dunarea Calarasi,,NO_AO_COUNTERPART,0.5405405405405406,0.4705882352941176,False
ROM,HF:4496,THESPORTSDB:HF:4496,FC Clinceni,,NO_AO_COUNTERPART,0.375,0.2857142857142857,False
ROM,HF:4497,THESPORTSDB:HF:4497,Chindia Targoviste,,NO_AO_COUNTERPART,0.358974358974359,0.3333333333333333,False
ROM,HF:4498,THESPORTSDB:HF:4498,Crişul Chişineu Criş,,NO_AO_COUNTERPART,0.5263157894736842,0.4,False
ROM,HF:4499,THESPORTSDB:HF:4499,Gloria Lunca Teuz Cermei,,NO_AO_COUNTERPART,0.3809523809523809,0.3111111111111111,False
ROM,HF:4950,THESPORTSDB:HF:4950,Vaslui,,NO_AO_COUNTERPART,0.3636363636363636,0.3333333333333333,False
ROM,HF:835,THESPORTSDB:HF:835,Pandurii,,NO_AO_COUNTERPART,0.375,0.3076923076923077,False
ROM,HF:838,THESPORTSDB:HF:838,Din. Bucuresti,,NO_AO_COUNTERPART,0.3225806451612903,0.2941176470588235,False
ROM,HF:839,THESPORTSDB:HF:839,Petrolul,,NO_AO_COUNTERPART,0.375,0.375,False
ROM,HF:840,THESPORTSDB:HF:840,Ceahlaul,,NO_AO_COUNTERPART,0.4285714285714285,0.375,False
ROM,HF:844,THESPORTSDB:HF:844,Astra,,NO_AO_COUNTERPART,0.4,0.3076923076923077,False
ROM,HF:845,THESPORTSDB:HF:845,Poli Iasi,,NO_AO_COUNTERPART,0.4444444444444444,0.2962962962962963,False
ROM,HF:846,THESPORTSDB:HF:846,Otelul,,NO_AO_COUNTERPART,0.4285714285714285,0.3333333333333333,False
ROM,HF:847,THESPORTSDB:HF:847,FC Rapid Bucuresti,,NO_AO_COUNTERPART,0.3333333333333333,0.3333333333333333,False
ROM,HF:850,THESPORTSDB:HF:850,FC Brasov,,NO_AO_COUNTERPART,0.5333333333333333,0.2857142857142857,False
ROM,HF:853,THESPORTSDB:HF:853,Poli Timisoara,,NO_AO_COUNTERPART,0.4375,0.375,False
ROM,HF:854,THESPORTSDB:HF:854,Navodari,,NO_AO_COUNTERPART,0.3529411764705882,0.3076923076923077,False
ROM,HF:856,THESPORTSDB:HF:856,Corona Brasov,,NO_AO_COUNTERPART,0.4545454545454545,0.4516129032258064,False
ROM,HF:858,THESPORTSDB:HF:858,Targu Mures,,NO_AO_COUNTERPART,0.3529411764705882,0.3,False
ROM,HF:859,THESPORTSDB:HF:859,FC Voluntari,,NO_AO_COUNTERPART,0.4444444444444444,0.4444444444444444,False
ROM,HF:860,THESPORTSDB:HF:860,Calarasi,,NO_AO_COUNTERPART,0.4705882352941176,0.3846153846153846,False
ROM,HF:861,THESPORTSDB:HF:861,UTA Arad,,NO_AO_COUNTERPART,0.4705882352941176,0.3846153846153846,False
ROM,HF:862,THESPORTSDB:HF:862,Daco-Getica Bucuresti,,NO_AO_COUNTERPART,0.3333333333333333,0.3076923076923077,False
ROM,HF:863,THESPORTSDB:HF:863,Sepsi Sf. Gheorghe,,NO_AO_COUNTERPART,0.5384615384615384,0.2631578947368421,False
ROM,HF:865,THESPORTSDB:HF:865,FC Hermannstadt,,NO_AO_COUNTERPART,0.4444444444444444,0.4,False
ROM,HF:866,THESPORTSDB:HF:866,Academica Clinceni,,NO_AO_COUNTERPART,0.3333333333333333,0.3076923076923077,False
ROM,HF:869,THESPORTSDB:HF:869,Univ. Craiova,,NO_AO_COUNTERPART,0.8571428571428571,0.4,False
SCO,133641,THESPORTSDB:133641,Inverness C,,NO_AO_COUNTERPART,0.4444444444444444,0.4,False
SCO,133643,THESPORTSDB:133643,Heart of Midlothian,,NO_AO_COUNTERPART,0.42857142857142855,0.4,False
SCO,133648,THESPORTSDB:133648,Dunfermline Athletic,,NO_AO_COUNTERPART,0.4848484848484848,0.3846153846153846,False
SCO,133812,THESPORTSDB:133812,Hamilton,,NO_AO_COUNTERPART,0.4285714285714285,0.4,False
SCO,133838,THESPORTSDB:133838,Falkirk,,NO_AO_COUNTERPART,0.4705882352941176,0.3076923076923077,False
SCO,133940,THESPORTSDB:133940,Ross County,,NO_AO_COUNTERPART,0.3478260869565217,0.2857142857142857,False
SCO,133942,THESPORTSDB:133942,Dundee FC,,NO_AO_COUNTERPART,0.631578947368421,0.4285714285714285,False
SCO,134133,THESPORTSDB:134133,Livingston,,NO_AO_COUNTERPART,0.4545454545454545,0.3529411764705882,False
SCO,134134,THESPORTSDB:134134,Partick,,NO_AO_COUNTERPART,0.4705882352941176,0.4615384615384615,False
SCO,134135,THESPORTSDB:134135,Ayr,,NO_AO_COUNTERPART,0.4444444444444444,0.4,False
SCO,134251,THESPORTSDB:134251,Arbroath,,NO_AO_COUNTERPART,0.4285714285714285,0.3333333333333333,False
SCO,134793,THESPORTSDB:134793,Raith Rvs,,NO_AO_COUNTERPART,0.5,0.4,False
SCO,137821,THESPORTSDB:137821,Airdrieonians,,NO_AO_COUNTERPART,0.5454545454545454,0.4761904761904761,False
SCO,138105,THESPORTSDB:138105,Queens Park,,NO_AO_COUNTERPART,0.3529411764705882,0.3333333333333333,False
SCO,AO:AO-UEFA-50050,AO_CANONICAL:AO-UEFA-50050,Celtic,AO-UEFA-50050,EXACT_NAME,1.0,1.0,False
SCO,AO:AO-UEFA-50079,AO_CANONICAL:AO-UEFA-50079,Dundee United,AO-UEFA-50079,EXACT_NAME,1.0,1.0,False
SCO,AO:AO-UEFA-50120,AO_CANONICAL:AO-UEFA-50120,Hearts,AO-UEFA-50120,EXACT_NAME,1.0,1.0,False
SCO,AO:AO-UEFA-50121,AO_CANONICAL:AO-UEFA-50121,Rangers,AO-UEFA-50121,EXACT_NAME,1.0,1.0,False
SCO,AO:AO-UEFA-50122,AO_CANONICAL:AO-UEFA-50122,Aberdeen,AO-UEFA-50122,EXACT_NAME,1.0,1.0,False
SCO,AO:AO-UEFA-52552,AO_CANONICAL:AO-UEFA-52552,St Mirren,AO-UEFA-52552,EXACT_NAME,1.0,1.0,False
SCO,AO:AO-UEFA-52821,AO_CANONICAL:AO-UEFA-52821,Hibernian,AO-UEFA-52821,EXACT_NAME,1.0,1.0,False
SCO,AO:AO-UEFA-53035,AO_CANONICAL:AO-UEFA-53035,Motherwell,AO-UEFA-53035,EXACT_NAME,1.0,1.0,False
SCO,AO:AO-UEFA-62178,AO_CANONICAL:AO-UEFA-62178,Kilmarnock,AO-UEFA-62178,EXACT_NAME,1.0,1.0,False
SCO,AO:AO-UEFA-64249,AO_CANONICAL:AO-UEFA-64249,St Johnstone,AO-UEFA-64249,EXACT_NAME,1.0,1.0,False
SCO,HF:398,THESPORTSDB:HF:398,Ross County,,NO_AO_COUNTERPART,0.3478260869565217,0.2857142857142857,False
SCO,HF:399,THESPORTSDB:HF:399,Dundee,,NO_AO_COUNTERPART,0.631578947368421,0.4285714285714285,False
SCO,HF:401,THESPORTSDB:HF:401,Livingston,,NO_AO_COUNTERPART,0.4545454545454545,0.3529411764705882,False
SCO,HF:410,THESPORTSDB:HF:410,Hamilton,,NO_AO_COUNTERPART,0.4285714285714285,0.4,False
SCO,HF:414,THESPORTSDB:HF:414,Inverness C,,NO_AO_COUNTERPART,0.4444444444444444,0.4,False
SCO,HF:418,THESPORTSDB:HF:418,Partick,,NO_AO_COUNTERPART,0.4705882352941176,0.4615384615384615,False
SCO,HF:4358,THESPORTSDB:HF:4358,Hamilton Academical,,NO_AO_COUNTERPART,0.3225806451612903,0.32,False
SLO,138213,THESPORTSDB:138213,Aluminij,,NO_AO_COUNTERPART,0.5,0.38095238095238093,False
SLO,142322,THESPORTSDB:142322,Radomlje,,NO_AO_COUNTERPART,0.6666666666666666,0.47619047619047616,False
SLO,146615,THESPORTSDB:146615,Brinje-Grosuplje,,NO_AO_COUNTERPART,0.38095238095238093,0.29411764705882354,False
SLO,146621,THESPORTSDB:146621,Nafta,,NO_AO_COUNTERPART,0.2608695652173913,0.2,False
SLO,AO:AO-UEFA-2607248,AO_CANONICAL:AO-UEFA-2607248,Bravo,AO-UEFA-2607248,EXACT_NAME,1.0,1.0,False
SLO,AO:AO-UEFA-2607561,AO_CANONICAL:AO-UEFA-2607561,Mura,AO-UEFA-2607561,EXACT_NAME,1.0,1.0,False
SLO,AO:AO-UEFA-53081,AO_CANONICAL:AO-UEFA-53081,Olimpija Ljubljana,AO-UEFA-53081,EXACT_NAME,1.0,1.0,False
SLO,AO:AO-UEFA-57490,AO_CANONICAL:AO-UEFA-57490,Maribor,AO-UEFA-57490,EXACT_NAME,1.0,1.0,False
SLO,AO:AO-UEFA-59030,AO_CANONICAL:AO-UEFA-59030,Celje,AO-UEFA-59030,EXACT_NAME,1.0,1.0,False
SLO,AO:AO-UEFA-69617,AO_CANONICAL:AO-UEFA-69617,Koper,AO-UEFA-69617,EXACT_NAME,1.0,1.0,False
SLO,AO:AO-UEFA-70690,AO_CANONICAL:AO-UEFA-70690,NK Domzale,AO-UEFA-70690,EXACT_NAME,1.0,1.0,False
SLO,HF:1256,THESPORTSDB:HF:1256,Nafta,,NO_AO_COUNTERPART,0.2608695652173913,0.2,False
SLO,HF:1257,THESPORTSDB:HF:1257,Radomlje,,NO_AO_COUNTERPART,0.6666666666666666,0.4761904761904761,False
SLO,HF:1260,THESPORTSDB:HF:1260,Primorje,,NO_AO_COUNTERPART,0.5333333333333333,0.3809523809523809,False
SLO,HF:1261,THESPORTSDB:HF:1261,Triglav,,NO_AO_COUNTERPART,0.5,0.3636363636363636,False
SLO,HF:1262,THESPORTSDB:HF:1262,Rogaška,,NO_AO_COUNTERPART,0.4,0.3333333333333333,False
SLO,HF:1263,THESPORTSDB:HF:1263,Aluminij,,NO_AO_COUNTERPART,0.5,0.3809523809523809,False
SLO,HF:1264,THESPORTSDB:HF:1264,Gorica,,NO_AO_COUNTERPART,0.4285714285714285,0.4,False
SLO,HF:1265,THESPORTSDB:HF:1265,Tabor Sežana,,NO_AO_COUNTERPART,0.4210526315789473,0.4,False
SLO,HF:1266,THESPORTSDB:HF:1266,Krka,,NO_AO_COUNTERPART,0.5,0.4444444444444444,False
SLO,HF:4620,THESPORTSDB:HF:4620,Rudar,,NO_AO_COUNTERPART,0.5555555555555556,0.4444444444444444,False
SLO,HF:4621,THESPORTSDB:HF:4621,Krško,,NO_AO_COUNTERPART,0.4,0.4,False
SRB,137860,THESPORTSDB:137860,Mladost Lučani,,NO_AO_COUNTERPART,0.36363636363636365,0.3333333333333333,False
SRB,137864,THESPORTSDB:137864,Radnik Surdulica,,NO_AO_COUNTERPART,0.5714285714285714,0.5625,False
SRB,137867,THESPORTSDB:137867,Mačva Šabac,,NO_AO_COUNTERPART,0.4166666666666667,0.37037037037037035,False
SRB,140232,THESPORTSDB:140232,OFK Beograd,,NO_AO_COUNTERPART,0.5517241379310345,0.5,False
SRB,141832,THESPORTSDB:141832,IMT Novi Beograd,,NO_AO_COUNTERPART,0.5454545454545454,0.5294117647058824,False
SRB,141839,THESPORTSDB:141839,Železničar Pančevo,,NO_AO_COUNTERPART,0.35714285714285715,0.3333333333333333,False
SRB,143870,THESPORTSDB:143870,Zemun,,NO_AO_COUNTERPART,0.3076923076923077,0.2222222222222222,False
SRB,AO:AO-UEFA-2601090,AO_CANONICAL:AO-UEFA-2601090,Novi Pazar,AO-UEFA-2601090,EXACT_NAME,1.0,1.0,False
SRB,AO:AO-UEFA-2610140,AO_CANONICAL:AO-UEFA-2610140,TSC Backa Topola,AO-UEFA-2610140,EXACT_NAME,1.0,1.0,False
SRB,AO:AO-UEFA-50069,AO_CANONICAL:AO-UEFA-50069,Crvena Zvezda,AO-UEFA-50069,EXACT_NAME,1.0,1.0,False
SRB,AO:AO-UEFA-50162,AO_CANONICAL:AO-UEFA-50162,Partizan Belgrade,AO-UEFA-50162,EXACT_NAME,1.0,1.0,False
SRB,AO:AO-UEFA-52734,AO_CANONICAL:AO-UEFA-52734,Radnički Niš,AO-UEFA-52734,EXACT_NAME,1.0,1.0,False
SRB,AO:AO-UEFA-52810,AO_CANONICAL:AO-UEFA-52810,Vojvodina,AO-UEFA-52810,EXACT_NAME,1.0,1.0,False
SRB,AO:AO-UEFA-60570,AO_CANONICAL:AO-UEFA-60570,Čukarički,AO-UEFA-60570,EXACT_NAME,1.0,1.0,False
SRB,AO:AO-UEFA-64289,AO_CANONICAL:AO-UEFA-64289,Radnički 1923,AO-UEFA-64289,EXACT_NAME,1.0,1.0,False
SRB,HF:1306,THESPORTSDB:HF:1306,Jedinstvo Ub,,NO_AO_COUNTERPART,0.3809523809523809,0.3571428571428571,False
SRB,HF:1307,THESPORTSDB:HF:1307,Mladost Lucani,,NO_AO_COUNTERPART,0.3636363636363636,0.3333333333333333,False
SRB,HF:1308,THESPORTSDB:HF:1308,OFK Beograd,,NO_AO_COUNTERPART,0.5517241379310345,0.5,False
SRB,HF:1309,THESPORTSDB:HF:1309,Tekstilac Odžaci,,NO_AO_COUNTERPART,0.375,0.3448275862068966,False
SRB,HF:1312,THESPORTSDB:HF:1312,FK Spartak Zdrepceva KRV,,NO_AO_COUNTERPART,0.5405405405405406,0.4210526315789473,False
SRB,HF:1316,THESPORTSDB:HF:1316,IMT Novi Beograd,,NO_AO_COUNTERPART,0.5454545454545454,0.5294117647058824,False
SRB,HF:1318,THESPORTSDB:HF:1318,Železničar Pančevo,,NO_AO_COUNTERPART,0.3571428571428571,0.3333333333333333,False
SRB,HF:1319,THESPORTSDB:HF:1319,Napredak,,NO_AO_COUNTERPART,0.4761904761904761,0.3529411764705882,False
SRB,HF:1321,THESPORTSDB:HF:1321,Mladost Novi Sad,,NO_AO_COUNTERPART,0.5882352941176471,0.4615384615384615,False
SRB,HF:1322,THESPORTSDB:HF:1322,Macva,,NO_AO_COUNTERPART,0.3333333333333333,0.3076923076923077,False
SRB,HF:1323,THESPORTSDB:HF:1323,FK Vozdovac,,NO_AO_COUNTERPART,0.4705882352941176,0.3809523809523809,False
SRB,HF:1324,THESPORTSDB:HF:1324,Javor,,NO_AO_COUNTERPART,0.3076923076923077,0.2857142857142857,False
SRB,HF:1325,THESPORTSDB:HF:1325,Radnik Surdulica,,NO_AO_COUNTERPART,0.5714285714285714,0.5625,False
SRB,HF:1326,THESPORTSDB:HF:1326,Indjija,,NO_AO_COUNTERPART,0.375,0.3157894736842105,False
SRB,HF:1327,THESPORTSDB:HF:1327,Kolubara,,NO_AO_COUNTERPART,0.375,0.3529411764705882,False
SRB,HF:1328,THESPORTSDB:HF:1328,Grafičar,,NO_AO_COUNTERPART,0.4166666666666667,0.4,False
SRB,HF:1329,THESPORTSDB:HF:1329,Metalac GM,,NO_AO_COUNTERPART,0.3076923076923077,0.2727272727272727,False
SRB,HF:1330,THESPORTSDB:HF:1330,Proleter Novi SAD,,NO_AO_COUNTERPART,0.5714285714285714,0.4444444444444444,False
SRB,HF:1331,THESPORTSDB:HF:1331,FK Zlatibor,,NO_AO_COUNTERPART,0.4,0.3333333333333333,False
SRB,HF:1332,THESPORTSDB:HF:1332,Backa,,NO_AO_COUNTERPART,0.4761904761904761,0.4285714285714285,False
SRB,HF:1333,THESPORTSDB:HF:1333,RAD,,NO_AO_COUNTERPART,0.4,0.375,False
SRB,HF:4677,THESPORTSDB:HF:4677,Borac Cacak,,NO_AO_COUNTERPART,0.3703703703703703,0.3478260869565217,False
SRB,HF:4678,THESPORTSDB:HF:4678,Zemun,,NO_AO_COUNTERPART,0.3076923076923077,0.2222222222222222,False
SRB,HF:4679,THESPORTSDB:HF:4679,Dinamo Vranje,,NO_AO_COUNTERPART,0.4516129032258064,0.4,False
SUI,133957,THESPORTSDB:133957,FC Basel,AO-UEFA-59856,EXACT_NAME,1.0,1.0,False
SUI,133991,THESPORTSDB:133991,Servette,AO-UEFA-50008,EXACT_NAME,1.0,1.0,False
SUI,134001,THESPORTSDB:134001,Young Boys,AO-UEFA-50031,EXACT_NAME,1.0,1.0,False
SUI,134123,THESPORTSDB:134123,Lucerne,,NO_AO_COUNTERPART,0.7692307692307693,0.4615384615384615,False
SUI,134320,THESPORTSDB:134320,Vaduz,,NO_AO_COUNTERPART,0.3636363636363636,0.2222222222222222,False
SUI,134391,THESPORTSDB:134391,Grasshoppers,,NO_AO_COUNTERPART,0.3529411764705882,0.3333333333333333,False
SUI,134394,THESPORTSDB:134394,Thun,AO-UEFA-80409,EXACT_NAME,1.0,1.0,False
SUI,134396,THESPORTSDB:134396,Zurich,AO-UEFA-51150,EXACT_NAME,1.0,1.0,False
SUI,134406,THESPORTSDB:134406,St. Gallen,AO-UEFA-51151,EXACT_NAME,1.0,1.0,False
SUI,135947,THESPORTSDB:135947,FC Sion,,NO_AO_COUNTERPART,0.3076923076923077,0.25,False
SUI,136037,THESPORTSDB:136037,Lugano,AO-UEFA-8538,EXACT_NAME,1.0,1.0,False
SUI,138984,THESPORTSDB:138984,FC Winterthur,,NO_AO_COUNTERPART,0.4285714285714285,0.3333333333333333,False
SUI,138985,THESPORTSDB:138985,FC Aarau,,NO_AO_COUNTERPART,0.2352941176470588,0.2222222222222222,False
SUI,138986,THESPORTSDB:138986,Stade Lausanne Ouchy,,NO_AO_COUNTERPART,0.5882352941176471,0.3846153846153846,False
SUI,138989,THESPORTSDB:138989,Schaffhausen,,NO_AO_COUNTERPART,0.4166666666666667,0.375,False
SUI,138990,THESPORTSDB:138990,FC Lausanne-Sport,AO-UEFA-4251,EXACT_NAME,1.0,1.0,False
SUI,141840,THESPORTSDB:141840,Yverdon Sport,,NO_AO_COUNTERPART,0.5185185185185185,0.4347826086956521,False
SVK,137869,THESPORTSDB:137869,DAC 1904 Dunajská Streda,,NO_AO_COUNTERPART,0.8837209302325582,0.29411764705882354,False
SVK,137874,THESPORTSDB:137874,Zemplín Michalovce,,NO_AO_COUNTERPART,0.4166666666666667,0.25,False
SVK,143920,THESPORTSDB:143920,Železiarne Podbrezová,,NO_AO_COUNTERPART,0.30303030303030304,0.3,False
SVK,146399,THESPORTSDB:146399,Dukla Banská Bystrica,,NO_AO_COUNTERPART,0.55,0.3225806451612903,False
SVK,146400,THESPORTSDB:146400,Skalica,,NO_AO_COUNTERPART,0.5882352941176471,0.46153846153846156,False
SVK,146626,THESPORTSDB:146626,Komárno,,NO_AO_COUNTERPART,0.47619047619047616,0.35294117647058826,False
SVK,AO:AO-UEFA-2610274,AO_CANONICAL:AO-UEFA-2610274,Košice,AO-UEFA-2610274,EXACT_NAME,1.0,1.0,False
SVK,AO:AO-UEFA-52797,AO_CANONICAL:AO-UEFA-52797,Slovan Bratislava,AO-UEFA-52797,EXACT_NAME,1.0,1.0,False
SVK,AO:AO-UEFA-52904,AO_CANONICAL:AO-UEFA-52904,Spartak Trnava,AO-UEFA-52904,EXACT_NAME,1.0,1.0,False
SVK,AO:AO-UEFA-61601,AO_CANONICAL:AO-UEFA-61601,Žilina,AO-UEFA-61601,EXACT_NAME,1.0,1.0,False
SVK,AO:AO-UEFA-64315,AO_CANONICAL:AO-UEFA-64315,Trenčín,AO-UEFA-64315,EXACT_NAME,1.0,1.0,False
SVK,AO:AO-UEFA-64319,AO_CANONICAL:AO-UEFA-64319,Ružomberok,AO-UEFA-64319,EXACT_NAME,1.0,1.0,False
SVK,HF:1231,THESPORTSDB:HF:1231,Skalica,,NO_AO_COUNTERPART,0.5882352941176471,0.4615384615384615,False
SVK,HF:1232,THESPORTSDB:HF:1232,Zemplín Michalovce,,NO_AO_COUNTERPART,0.4166666666666667,0.25,False
SVK,HF:1233,THESPORTSDB:HF:1233,Podbrezová,,NO_AO_COUNTERPART,0.3636363636363636,0.3333333333333333,False
SVK,HF:1235,THESPORTSDB:HF:1235,Komárno,,NO_AO_COUNTERPART,0.4761904761904761,0.3529411764705882,False
SVK,HF:1238,THESPORTSDB:HF:1238,Dunajska Streda,,NO_AO_COUNTERPART,0.8823529411764706,0.48,False
SVK,HF:1242,THESPORTSDB:HF:1242,Dukla Banská Bystrica,,NO_AO_COUNTERPART,0.55,0.3225806451612903,False
SVK,HF:1243,THESPORTSDB:HF:1243,Zlaté Moravce,,NO_AO_COUNTERPART,0.4444444444444444,0.3478260869565217,False
SVK,HF:1244,THESPORTSDB:HF:1244,Petržalka,,NO_AO_COUNTERPART,0.4347826086956521,0.3157894736842105,False
SVK,HF:1245,THESPORTSDB:HF:1245,Liptovský Mikuláš,,NO_AO_COUNTERPART,0.3529411764705882,0.2608695652173913,False
SVK,HF:1246,THESPORTSDB:HF:1246,Tatran Prešov,,NO_AO_COUNTERPART,0.4444444444444444,0.4,False
SVK,HF:1247,THESPORTSDB:HF:1247,Senica,,NO_AO_COUNTERPART,0.5,0.5,False
SVK,HF:1248,THESPORTSDB:HF:1248,Pohronie,,NO_AO_COUNTERPART,0.4285714285714285,0.4,False
SVK,HF:1249,THESPORTSDB:HF:1249,Sereď,,NO_AO_COUNTERPART,0.4,0.3636363636363636,False
SVK,HF:1250,THESPORTSDB:HF:1250,Nitra,,NO_AO_COUNTERPART,0.3636363636363636,0.3333333333333333,False
SVK,HF:4619,THESPORTSDB:HF:4619,Dubnica,,NO_AO_COUNTERPART,0.3157894736842105,0.3076923076923077,False
SWE,133951,THESPORTSDB:133951,Helsingborg,,NO_AO_COUNTERPART,0.7368421052631579,0.4347826086956521,False
SWE,133984,THESPORTSDB:133984,Elfsborg,AO-UEFA-52344,EXACT_NAME,1.0,1.0,False
SWE,134002,THESPORTSDB:134002,Kalmar FF,AO-UEFA-54187,EXACT_NAME,1.0,1.0,False
SWE,134011,THESPORTSDB:134011,AIK,AO-UEFA-52341,EXACT_NAME,1.0,1.0,False
SWE,134160,THESPORTSDB:134160,Hacken,AO-UEFA-69621,EXACT_NAME,1.0,1.0,False
SWE,134161,THESPORTSDB:134161,IFK Gothenburg,,NO_AO_COUNTERPART,0.8461538461538461,0.48,False
SWE,134162,THESPORTSDB:134162,Djurgaarden,AO-UEFA-52809,HIGH_CONFIDENCE_FUZZY,0.9523809523809524,0.3529411764705882,False
SWE,134164,THESPORTSDB:134164,Mjallby,AO-UEFA-74233,VERIFIED_TARGET_ALIAS,1.0,0.0,False
SWE,134165,THESPORTSDB:134165,Norrkoping,AO-UEFA-50099,EXACT_NAME,1.0,1.0,False
SWE,134166,THESPORTSDB:134166,Malmo FF,AO-UEFA-50152,EXACT_NAME,1.0,1.0,False
SWE,134167,THESPORTSDB:134167,Halmstad,,NO_AO_COUNTERPART,0.5714285714285714,0.5,False
SWE,134170,THESPORTSDB:134170,Brommapojkarna,,NO_AO_COUNTERPART,0.3636363636363636,0.3478260869565217,False
SWE,134171,THESPORTSDB:134171,Osters IF,,NO_AO_COUNTERPART,0.4347826086956521,0.4,False
SWE,134482,THESPORTSDB:134482,Oerebro,,NO_AO_COUNTERPART,0.4705882352941176,0.4210526315789473,False
SWE,134722,THESPORTSDB:134722,Landskrona,,NO_AO_COUNTERPART,0.4,0.375,False
SWE,134724,THESPORTSDB:134724,Sirius,,NO_AO_COUNTERPART,0.3,0.2857142857142857,False
SWE,134725,THESPORTSDB:134725,Gais,,NO_AO_COUNTERPART,0.5714285714285714,0.3333333333333333,False
SWE,134726,THESPORTSDB:134726,IFK Varnamo,,NO_AO_COUNTERPART,0.48,0.4347826086956521,False
SWE,134728,THESPORTSDB:134728,Degerfors,,NO_AO_COUNTERPART,0.4705882352941176,0.2857142857142857,False
SWE,134729,THESPORTSDB:134729,GIF Sundsvall,,NO_AO_COUNTERPART,0.3333333333333333,0.2962962962962963,False
SWE,134730,THESPORTSDB:134730,Varbergs BoIS FC,,NO_AO_COUNTERPART,0.4444444444444444,0.4166666666666667,False
SWE,134731,THESPORTSDB:134731,Hammarby,AO-UEFA-52343,EXACT_NAME,1.0,1.0,False
SWE,134732,THESPORTSDB:134732,Ostersund,,NO_AO_COUNTERPART,0.3809523809523809,0.3157894736842105,False
SWE,135462,THESPORTSDB:135462,Utsiktens BK,,NO_AO_COUNTERPART,0.4166666666666667,0.3846153846153846,False
SWE,135668,THESPORTSDB:135668,Oergryte,,NO_AO_COUNTERPART,0.4444444444444444,0.4,False
SWE,136832,THESPORTSDB:136832,Vaesteraas SK,,NO_AO_COUNTERPART,0.3333333333333333,0.2727272727272727,False
TUR,133791,THESPORTSDB:133791,Ankaragucu,,NO_AO_COUNTERPART,0.4705882352941176,0.4,False
TUR,133794,THESPORTSDB:133794,Besiktas,AO-UEFA-50157,EXACT_NAME,1.0,1.0,False
TUR,133796,THESPORTSDB:133796,Trabzonspor,AO-UEFA-52731,EXACT_NAME,1.0,1.0,False
TUR,133797,THESPORTSDB:133797,Samsunspor,AO-UEFA-53060,EXACT_NAME,1.0,1.0,False
TUR,133798,THESPORTSDB:133798,Genclerbirligi,,NO_AO_COUNTERPART,0.4166666666666667,0.2666666666666666,False
TUR,133799,THESPORTSDB:133799,Antalyaspor,,NO_AO_COUNTERPART,0.7619047619047619,0.7,False
TUR,133802,THESPORTSDB:133802,Kayserispor,,NO_AO_COUNTERPART,0.6363636363636364,0.6,False
TUR,133804,THESPORTSDB:133804,Galatasaray,AO-UEFA-50067,EXACT_NAME,1.0,1.0,False
TUR,133806,THESPORTSDB:133806,Sivasspor,AO-UEFA-89728,EXACT_NAME,1.0,1.0,False
TUR,133807,THESPORTSDB:133807,Fenerbahce,AO-UEFA-52692,EXACT_NAME,1.0,1.0,False
TUR,133834,THESPORTSDB:133834,Kasimpasa,,NO_AO_COUNTERPART,0.5,0.4444444444444444,False
TUR,133835,THESPORTSDB:133835,Konyaspor,AO-UEFA-84515,EXACT_NAME,1.0,1.0,False
TUR,133868,THESPORTSDB:133868,Denizlispor,,NO_AO_COUNTERPART,0.5925925925925926,0.5384615384615384,False
TUR,133870,THESPORTSDB:133870,Kocaelispor,,NO_AO_COUNTERPART,0.7,0.5714285714285714,False
TUR,133885,THESPORTSDB:133885,Rizespor,,NO_AO_COUNTERPART,0.631578947368421,0.5882352941176471,False
TUR,134227,THESPORTSDB:134227,Malatyaspor,,NO_AO_COUNTERPART,0.8571428571428571,0.8148148148148148,False
TUR,134238,THESPORTSDB:134238,Istanbulspor,,NO_AO_COUNTERPART,0.6451612903225806,0.6363636363636364,False
TUR,134254,THESPORTSDB:134254,Altay,,NO_AO_COUNTERPART,0.625,0.5333333333333333,False
TUR,134272,THESPORTSDB:134272,Erzurumspor,,NO_AO_COUNTERPART,0.5454545454545454,0.4761904761904761,False
TUR,134589,THESPORTSDB:134589,Istanbul Basaksehir,AO-UEFA-2600288,EXACT_NAME,1.0,1.0,False
TUR,135676,THESPORTSDB:135676,Alanyaspor,AO-UEFA-2607117,EXACT_NAME,1.0,1.0,False
TUR,135891,THESPORTSDB:135891,Goztepe,,NO_AO_COUNTERPART,0.25,0.2352941176470588,False
TUR,138092,THESPORTSDB:138092,Gaziantep FK,,NO_AO_COUNTERPART,0.4210526315789473,0.4166666666666667,False
TUR,138935,THESPORTSDB:138935,Ümraniyespor,,NO_AO_COUNTERPART,0.6363636363636364,0.6086956521739131,False
TUR,138944,THESPORTSDB:138944,Hatayspor,,NO_AO_COUNTERPART,0.7368421052631579,0.6,False
TUR,138946,THESPORTSDB:138946,Giresunspor,,NO_AO_COUNTERPART,0.6666666666666666,0.6,False
TUR,138951,THESPORTSDB:138951,Çorum,,NO_AO_COUNTERPART,0.2857142857142857,0.2857142857142857,False
TUR,138957,THESPORTSDB:138957,Pendikspor,,NO_AO_COUNTERPART,0.5384615384615384,0.5263157894736842,False
TUR,138959,THESPORTSDB:138959,Amed,,NO_AO_COUNTERPART,0.2857142857142857,0.2857142857142857,False
TUR,138974,THESPORTSDB:138974,BB Bodrumspor,,NO_AO_COUNTERPART,0.5,0.5,False
TUR,138977,THESPORTSDB:138977,Eyüpspor,,NO_AO_COUNTERPART,0.5882352941176471,0.5555555555555556,False
TUR,138982,THESPORTSDB:138982,Adana Demirspor,AO-UEFA-2604478,EXACT_NAME,1.0,1.0,False
TUR,138983,THESPORTSDB:138983,Karagumruk,,NO_AO_COUNTERPART,0.3809523809523809,0.3157894736842105,False
UKR,134122,THESPORTSDB:134122,Metalist 1925 Kharkiv,,NO_AO_COUNTERPART,0.3333333333333333,0.3125,False
UKR,134392,THESPORTSDB:134392,Chornomorets Odesa,,NO_AO_COUNTERPART,0.36363636363636365,0.35294117647058826,False
UKR,134426,THESPORTSDB:134426,Karpaty Lviv,,NO_AO_COUNTERPART,0.4,0.4,False
UKR,135911,THESPORTSDB:135911,Veres Rivne,,NO_AO_COUNTERPART,0.3846153846153846,0.375,False
UKR,138438,THESPORTSDB:138438,Ahrobiznes Volochysk,,NO_AO_COUNTERPART,0.4444444444444444,0.3571428571428571,False
UKR,138447,THESPORTSDB:138447,Obolon Kyiv,,NO_AO_COUNTERPART,0.5454545454545454,0.5384615384615384,False
UKR,138449,THESPORTSDB:138449,Rukh Lviv,,NO_AO_COUNTERPART,0.4166666666666667,0.4166666666666667,False
UKR,146855,THESPORTSDB:146855,Bukovyna Chernivtsi,,NO_AO_COUNTERPART,0.5882352941176471,0.4375,False
UKR,146857,THESPORTSDB:146857,Epitsentr Kamianets-Podilsky,,NO_AO_COUNTERPART,0.3636363636363636,0.35,False
UKR,146860,THESPORTSDB:146860,LNZ Cherkasy,,NO_AO_COUNTERPART,0.4444444444444444,0.3478260869565217,False
UKR,146861,THESPORTSDB:146861,Poltava,,NO_AO_COUNTERPART,0.6363636363636364,0.5333333333333333,False
UKR,147624,THESPORTSDB:147624,Livyi Bereh Kyiv,,NO_AO_COUNTERPART,0.4444444444444444,0.3529411764705882,False
UKR,149227,THESPORTSDB:149227,Kudrivka,,NO_AO_COUNTERPART,0.5333333333333333,0.5,False
UKR,AO:AO-UEFA-2609189,AO_CANONICAL:AO-UEFA-2609189,Kolos Kovalivka,AO-UEFA-2609189,EXACT_NAME,1.0,1.0,False
UKR,AO:AO-UEFA-2609193,AO_CANONICAL:AO-UEFA-2609193,Dnipro-1,AO-UEFA-2609193,EXACT_NAME,1.0,1.0,False
UKR,AO:AO-UEFA-2613172,AO_CANONICAL:AO-UEFA-2613172,Polissya Zhytomyr,AO-UEFA-2613172,EXACT_NAME,1.0,1.0,False
UKR,AO:AO-UEFA-52707,AO_CANONICAL:AO-UEFA-52707,Shakhtar Donetsk,AO-UEFA-52707,EXACT_NAME,1.0,1.0,False
UKR,AO:AO-UEFA-52723,AO_CANONICAL:AO-UEFA-52723,Dynamo Kyiv,AO-UEFA-52723,EXACT_NAME,1.0,1.0,False
UKR,AO:AO-UEFA-62174,AO_CANONICAL:AO-UEFA-62174,Vorskla Poltava,AO-UEFA-62174,EXACT_NAME,1.0,1.0,False
UKR,AO:AO-UEFA-64527,AO_CANONICAL:AO-UEFA-64527,Kryvbas Kryvyi Rih,AO-UEFA-64527,HIGH_CONFIDENCE_FUZZY,0.9444444444444444,0.41379310344827586,False
UKR,AO:AO-UEFA-65130,AO_CANONICAL:AO-UEFA-65130,Zorya Luhansk,AO-UEFA-65130,EXACT_NAME,1.0,1.0,False
UKR,AO:AO-UEFA-77928,AO_CANONICAL:AO-UEFA-77928,Oleksandriya,AO-UEFA-77928,EXACT_NAME,1.0,1.0,False
UKR,HF:1280,THESPORTSDB:HF:1280,Kryvbas KR,,NO_AO_COUNTERPART,0.8235294117647058,0.4347826086956521,False
UKR,HF:1281,THESPORTSDB:HF:1281,Chornomorets,,NO_AO_COUNTERPART,0.4285714285714285,0.3478260869565217,False
UKR,HF:1283,THESPORTSDB:HF:1283,Inhulets,,NO_AO_COUNTERPART,0.375,0.3333333333333333,False
UKR,HF:1284,THESPORTSDB:HF:1284,Veres Rivne,,NO_AO_COUNTERPART,0.3846153846153846,0.375,False
UKR,HF:1285,THESPORTSDB:HF:1285,Karpaty,,NO_AO_COUNTERPART,0.4210526315789473,0.4,False
UKR,HF:1286,THESPORTSDB:HF:1286,Obolon'-Brovar,,NO_AO_COUNTERPART,0.5,0.4166666666666667,False
UKR,HF:1288,THESPORTSDB:HF:1288,Ruh Lviv,,NO_AO_COUNTERPART,0.375,0.3478260869565217,False
UKR,HF:1289,THESPORTSDB:HF:1289,Polessya,,NO_AO_COUNTERPART,0.875,0.6,False
UKR,HF:1290,THESPORTSDB:HF:1290,Livyi Bereh,,NO_AO_COUNTERPART,0.3571428571428571,0.2758620689655172,False
UKR,HF:1291,THESPORTSDB:HF:1291,LNZ Cherkasy,,NO_AO_COUNTERPART,0.4444444444444444,0.3478260869565217,False
UKR,HF:1294,THESPORTSDB:HF:1294,Metalist 1925 Kharkiv,,NO_AO_COUNTERPART,0.3333333333333333,0.3125,False
UKR,HF:1295,THESPORTSDB:HF:1295,Epitsentr Dunayivtsi,,NO_AO_COUNTERPART,0.3888888888888889,0.3870967741935484,False
UKR,HF:1296,THESPORTSDB:HF:1296,Minai,,NO_AO_COUNTERPART,0.5,0.4,False
UKR,HF:1297,THESPORTSDB:HF:1297,Kudrivka,,NO_AO_COUNTERPART,0.5333333333333333,0.5,False
UKR,HF:1299,THESPORTSDB:HF:1299,Metal Kharkiv,,NO_AO_COUNTERPART,0.5,0.4166666666666667,False
UKR,HF:1300,THESPORTSDB:HF:1300,Lviv,,NO_AO_COUNTERPART,0.4210526315789473,0.3333333333333333,False
UKR,HF:1301,THESPORTSDB:HF:1301,Metalurh Zaporizhya,,NO_AO_COUNTERPART,0.4,0.3703703703703703,False
